latitude,longitude,bright_ti4,scan,track,acq_date,acq_time,satellite,confidence,version,bright_ti5,frp,daynight
8.85213,98.30341,330.6,0.4,0.37,2019-10-13,0648,N,nominal,1.0NRT,295.2,2.3,D
13.54473,101.39299,340.6,0.43,0.46,2019-10-13,0654,N,nominal,1.0NRT,294.6,4.6,D
13.86345,101.13594,342.9,0.42,0.45,2019-10-13,0654,N,nominal,1.0NRT,299.3,5.4,D
13.95454,101.11154,341.9,0.42,0.45,2019-10-13,0654,N,nominal,1.0NRT,299,3.2,D
14.06063,100.24672,337.9,0.56,0.43,2019-10-13,0654,N,nominal,1.0NRT,297.8,10.2,D
14.39176,100.81976,340.8,0.4,0.45,2019-10-13,0654,N,nominal,1.0NRT,294.9,3.8,D
14.69324,100.18752,335.4,0.56,0.43,2019-10-13,0654,N,nominal,1.0NRT,296.3,7.6,D
15.00571,100.49612,340.9,0.39,0.44,2019-10-13,0654,N,nominal,1.0NRT,297.6,5.4,D
14.95744,100.10336,336.8,0.56,0.43,2019-10-13,0654,N,nominal,1.0NRT,298.5,5.4,D
15.01507,100.18371,331,0.57,0.43,2019-10-13,0654,N,nominal,1.0NRT,298,1.7,D
15.03099,100.0588,330.5,0.56,0.43,2019-10-13,0654,N,nominal,1.0NRT,298.7,3.4,D
15.07718,100.22387,333.5,0.57,0.43,2019-10-13,0654,N,nominal,1.0NRT,298.3,3.9,D
15.67721,100.04147,332,0.57,0.43,2019-10-13,0654,N,nominal,1.0NRT,295.8,4.8,D
15.90253,100.28206,341.4,0.39,0.44,2019-10-13,0654,N,nominal,1.0NRT,296.9,4.1,D
16.02557,100.1198,340.6,0.39,0.44,2019-10-13,0654,N,nominal,1.0NRT,298.7,3.8,D
16.03715,100.11456,338.5,0.38,0.44,2019-10-13,0654,N,nominal,1.0NRT,296,2.2,D
16.10338,100.01727,342.6,0.57,0.43,2019-10-13,0654,N,nominal,1.0NRT,298.8,4.6,D
16.10738,100.01673,336.3,0.57,0.43,2019-10-13,0654,N,nominal,1.0NRT,298.1,4.6,D
16.15369,100.01849,330.9,0.57,0.43,2019-10-13,0654,N,nominal,1.0NRT,296,5,D
16.12263,99.68078,330.5,0.55,0.42,2019-10-13,0654,N,nominal,1.0NRT,294.4,3.2,D
16.15663,99.88262,331,0.56,0.43,2019-10-13,0654,N,nominal,1.0NRT,295.5,2.8,D
16.16331,99.90321,339.6,0.56,0.43,2019-10-13,0654,N,nominal,1.0NRT,297.2,4.8,D
16.20275,100.14712,338,0.39,0.44,2019-10-13,0654,N,nominal,1.0NRT,297.3,2.2,D
16.22629,100.04429,336.7,0.38,0.43,2019-10-13,0654,N,nominal,1.0NRT,297.6,2.8,D
16.21104,99.71835,336.3,0.55,0.43,2019-10-13,0654,N,nominal,1.0NRT,293.3,4.7,D
16.35695,100.65055,330.2,0.42,0.45,2019-10-13,0654,N,nominal,1.0NRT,296.8,5.1,D
16.53368,100.12028,331.5,0.39,0.44,2019-10-13,0654,N,nominal,1.0NRT,294.5,3,D
16.70821,100.28983,335.2,0.4,0.44,2019-10-13,0654,N,nominal,1.0NRT,294.3,3.4,D
16.71127,100.28928,335,0.4,0.44,2019-10-13,0654,N,nominal,1.0NRT,294.2,3,D
16.90493,100.44677,334.8,0.41,0.45,2019-10-13,0654,N,nominal,1.0NRT,293.8,3.7,D
17.0758,99.91077,330.2,0.39,0.44,2019-10-13,0654,N,nominal,1.0NRT,294.2,2.3,D
17.19039,99.83932,332.3,0.38,0.43,2019-10-13,0654,N,nominal,1.0NRT,292.7,2.6,D
17.53496,95.18546,331.5,0.39,0.36,2019-10-13,0654,N,nominal,1.0NRT,296,1.7,D
17.5712,95.24648,332.2,0.39,0.36,2019-10-13,0654,N,nominal,1.0NRT,294.7,2.7,D
17.83337,96.84364,340,0.42,0.38,2019-10-13,0654,N,nominal,1.0NRT,294.9,5.3,D
17.70355,95.86729,330.4,0.39,0.37,2019-10-13,0654,N,nominal,1.0NRT,296.7,3,D
17.83755,96.65037,331.9,0.41,0.37,2019-10-13,0654,N,nominal,1.0NRT,293.6,1.9,D
17.83655,96.65039,332.2,0.41,0.37,2019-10-13,0654,N,nominal,1.0NRT,293.8,1.6,D
17.85839,96.6311,337.8,0.41,0.37,2019-10-13,0654,N,nominal,1.0NRT,294.2,3.2,D
17.74869,95.60258,343.8,0.39,0.36,2019-10-13,0654,N,nominal,1.0NRT,294,5,D
17.70723,95.29846,332.9,0.39,0.36,2019-10-13,0654,N,nominal,1.0NRT,296,5.2,D
18.12053,95.76269,332.6,0.39,0.37,2019-10-13,0654,N,nominal,1.0NRT,292.1,1.1,D
18.36281,96.47936,335.1,0.41,0.37,2019-10-13,0654,N,nominal,1.0NRT,296.4,2.6,D
18.33203,95.55382,331.2,0.39,0.36,2019-10-13,0654,N,nominal,1.0NRT,294.5,1.2,D
18.31614,95.39774,333.6,0.39,0.36,2019-10-13,0654,N,nominal,1.0NRT,293.3,3,D
18.34832,95.52473,334.3,0.39,0.36,2019-10-13,0654,N,nominal,1.0NRT,295.3,1.7,D
18.35942,95.53053,331.4,0.39,0.36,2019-10-13,0654,N,nominal,1.0NRT,295.3,2.2,D
19.25062,98.89302,332.6,0.54,0.42,2019-10-13,0654,N,nominal,1.0NRT,293.3,3.4,D
19.24877,96.36806,334.1,0.42,0.37,2019-10-13,0654,N,nominal,1.0NRT,297.2,5.4,D
20.20064,100.44308,326.8,0.46,0.47,2019-10-13,0654,N,nominal,1.0NRT,295.6,5.4,D
22.16791,96.01213,334.5,0.42,0.38,2019-10-13,0654,N,nominal,1.0NRT,296.4,1,D
22.16953,96.01312,338.3,0.43,0.38,2019-10-13,0654,N,nominal,1.0NRT,297.2,1.8,D
20.94915,86.04955,341.9,0.55,0.51,2019-10-13,0654,N,nominal,1.0NRT,292.8,7.1,D
20.95383,86.04862,340.9,0.55,0.51,2019-10-13,0654,N,nominal,1.0NRT,292.4,8.1,D
20.96104,85.1759,326.9,0.62,0.54,2019-10-13,0654,N,nominal,1.0NRT,290,6.5,D
22.39137,91.8801,335.7,0.4,0.37,2019-10-13,0654,N,nominal,1.0NRT,299.1,2.5,D
23.38768,98.81525,328.6,0.4,0.44,2019-10-13,0654,N,nominal,1.0NRT,294,1.6,D
22.21156,84.83919,332.6,0.62,0.54,2019-10-13,0654,N,nominal,1.0NRT,298,3.7,D
22.21374,84.84303,328.9,0.62,0.54,2019-10-13,0654,N,nominal,1.0NRT,298,8.2,D
21.92258,83.34901,327.6,0.39,0.59,2019-10-13,0654,N,nominal,1.0NRT,296.3,4.8,D
24.17825,94.87939,331.3,0.41,0.37,2019-10-13,0654,N,nominal,1.0NRT,297.4,3,D
22.79285,86.2011,329.7,0.5,0.49,2019-10-13,0654,N,nominal,1.0NRT,294.5,6.6,D
24.19987,94.39612,333.8,0.4,0.37,2019-10-13,0654,N,nominal,1.0NRT,299.9,5,D
23.89698,90.39196,347.6,0.43,0.38,2019-10-13,0654,N,nominal,1.0NRT,301,6.9,D
23.56004,87.24199,341.9,0.42,0.45,2019-10-13,0654,N,nominal,1.0NRT,295.7,9.4,D
23.55927,87.23793,340.9,0.42,0.45,2019-10-13,0654,N,nominal,1.0NRT,294.4,7.4,D
23.55728,87.23978,342.1,0.42,0.45,2019-10-13,0654,N,nominal,1.0NRT,296.2,6.4,D
23.56139,87.23886,343.3,0.42,0.45,2019-10-13,0654,N,nominal,1.0NRT,292.9,4.8,D
23.72489,86.44226,348.5,0.46,0.47,2019-10-13,0654,N,nominal,1.0NRT,303.3,10.5,D
23.72578,86.44305,340.6,0.46,0.47,2019-10-13,0654,N,nominal,1.0NRT,301.8,9.5,D
23.72486,86.43854,331,0.46,0.47,2019-10-13,0654,N,low,1.0NRT,302.7,5.1,D
23.748,86.4192,328.5,0.46,0.47,2019-10-13,0654,N,low,1.0NRT,300.8,3.3,D
23.68029,86.08311,334.4,0.49,0.48,2019-10-13,0654,N,nominal,1.0NRT,303.6,5,D
23.75232,86.41825,350.5,0.46,0.47,2019-10-13,0654,N,nominal,1.0NRT,304.9,7.6,D
23.75731,86.39813,331.6,0.46,0.47,2019-10-13,0654,N,low,1.0NRT,302.8,5.5,D
23.77891,86.39331,348.1,0.46,0.47,2019-10-13,0654,N,nominal,1.0NRT,308.6,11.4,D
23.78322,86.39235,334,0.46,0.47,2019-10-13,0654,N,low,1.0NRT,304.6,5.1,D
23.73049,85.0073,329.5,0.56,0.52,2019-10-13,0654,N,low,1.0NRT,303.3,7,D
26.56347,101.67137,327.6,0.32,0.55,2019-10-13,0654,N,low,1.0NRT,302.3,1.9,D
26.57817,101.66299,334.1,0.32,0.55,2019-10-13,0654,N,nominal,1.0NRT,299.2,2.7,D
27.4686,96.15794,331.3,0.48,0.4,2019-10-13,0654,N,nominal,1.0NRT,296,2.1,D
27.91669,96.21973,337.4,0.49,0.4,2019-10-13,0654,N,nominal,1.0NRT,299,4.3,D
28.10788,95.54628,337.6,0.46,0.39,2019-10-13,0654,N,nominal,1.0NRT,297.9,4.4,D
26.28651,81.9688,330.3,0.38,0.59,2019-10-13,0654,N,nominal,1.0NRT,295.4,2.1,D
29.70665,91.11674,335.4,0.39,0.36,2019-10-13,0654,N,nominal,1.0NRT,299.4,2.3,D
28.02777,81.44594,338.3,0.37,0.58,2019-10-13,0654,N,nominal,1.0NRT,295.1,2.2,D
28.37061,80.97117,328.2,0.39,0.6,2019-10-13,0654,N,nominal,1.0NRT,296,2.4,D
28.14148,80.03374,328.9,0.45,0.63,2019-10-13,0654,N,nominal,1.0NRT,297.1,2.6,D
28.17577,79.94924,333.3,0.46,0.63,2019-10-13,0654,N,nominal,1.0NRT,297.4,3.9,D
28.17481,79.95025,342.7,0.45,0.63,2019-10-13,0654,N,nominal,1.0NRT,298.5,4.6,D
28.47355,80.60431,343.3,0.41,0.61,2019-10-13,0654,N,nominal,1.0NRT,295.6,4.9,D
28.47181,80.60297,344.8,0.41,0.61,2019-10-13,0654,N,nominal,1.0NRT,296.3,4.7,D
28.77138,79.93992,331.3,0.44,0.62,2019-10-13,0654,N,nominal,1.0NRT,297.6,6.5,D
28.72634,79.07003,330.7,0.5,0.66,2019-10-13,0654,N,nominal,1.0NRT,297.3,3.4,D
28.9679,79.74839,332.1,0.45,0.63,2019-10-13,0654,N,nominal,1.0NRT,292.7,4.7,D
28.81928,79.15905,328.7,0.49,0.65,2019-10-13,0654,N,nominal,1.0NRT,297.3,3.3,D
29.01209,79.72952,327.2,0.45,0.63,2019-10-13,0654,N,nominal,1.0NRT,296.7,3.1,D
29.01776,79.72774,327.3,0.45,0.63,2019-10-13,0654,N,nominal,1.0NRT,295,3.1,D
29.01749,79.7285,326.6,0.45,0.63,2019-10-13,0654,N,nominal,1.0NRT,295.5,3.2,D
29.01634,79.72396,328.8,0.45,0.63,2019-10-13,0654,N,nominal,1.0NRT,295.3,3.2,D
28.99311,79.48623,330.6,0.46,0.64,2019-10-13,0654,N,nominal,1.0NRT,294.8,4.3,D
29.52514,76.51978,329.4,0.66,0.73,2019-10-13,0654,N,nominal,1.0NRT,296.4,7,D
29.52324,76.51299,329.3,0.66,0.73,2019-10-13,0654,N,nominal,1.0NRT,296,7.3,D
29.62099,76.81329,337.2,0.63,0.72,2019-10-13,0654,N,nominal,1.0NRT,294.2,7.7,D
29.74492,77.03518,335.1,0.61,0.71,2019-10-13,0654,N,nominal,1.0NRT,295.6,6.2,D
29.61964,76.52308,339.7,0.66,0.73,2019-10-13,0654,N,nominal,1.0NRT,295.8,6.8,D
29.7435,77.03371,341.2,0.61,0.71,2019-10-13,0654,N,nominal,1.0NRT,295.8,6.3,D
29.62373,76.52754,330.2,0.66,0.73,2019-10-13,0654,N,nominal,1.0NRT,294.7,10,D
29.71962,76.76933,350.4,0.63,0.72,2019-10-13,0654,N,nominal,1.0NRT,294.8,6.9,D
29.74366,76.75367,330.2,0.63,0.72,2019-10-13,0654,N,nominal,1.0NRT,294.7,4.7,D
29.87902,76.87237,332.9,0.62,0.71,2019-10-13,0654,N,nominal,1.0NRT,294.8,3.5,D
29.92434,76.60912,330.4,0.64,0.72,2019-10-13,0654,N,nominal,1.0NRT,295.1,3,D
29.92843,76.61237,330,0.64,0.72,2019-10-13,0654,N,nominal,1.0NRT,295.6,5.7,D
30.15684,76.8046,333.5,0.62,0.71,2019-10-13,0654,N,nominal,1.0NRT,294.6,3.5,D
30.40428,77.20506,343.4,0.58,0.69,2019-10-13,0654,N,nominal,1.0NRT,295.8,6.3,D
30.72614,74.74535,333.1,0.77,0.77,2019-10-13,0700,N,nominal,1.0NRT,294.9,6.6,D
30.72214,74.74972,327.5,0.77,0.77,2019-10-13,0700,N,nominal,1.0NRT,294.2,4.8,D
30.72905,74.74706,336.9,0.77,0.77,2019-10-13,0700,N,nominal,1.0NRT,294.9,6.3,D
31.27376,75.1567,331.6,0.71,0.75,2019-10-13,0700,N,nominal,1.0NRT,292.9,5.2,D
31.64951,75.30835,333.1,0.68,0.74,2019-10-13,0700,N,nominal,1.0NRT,292.5,5.4,D
38.26592,101.54537,342,0.42,0.61,2019-10-13,0700,N,nominal,1.0NRT,288.7,5.1,D
38.63652,100.70112,339.2,0.38,0.58,2019-10-13,0700,N,nominal,1.0NRT,295,2.3,D
39.43832,99.65773,332.8,0.34,0.56,2019-10-13,0700,N,nominal,1.0NRT,286.6,1.9,D
39.83627,96.7952,330.5,0.48,0.48,2019-10-13,0700,N,nominal,1.0NRT,292.5,3,D
37.13954,79.65328,330.8,0.58,0.52,2019-10-13,0700,N,nominal,1.0NRT,292.9,4.6,D
38.85109,85.29909,337.3,0.44,0.39,2019-10-13,0700,N,nominal,1.0NRT,300.4,3.2,D
9.44116,80.46262,333.7,0.37,0.58,2019-10-13,0830,N,nominal,1.0NRT,293.8,2.8,D
11.58246,79.68345,351.3,0.35,0.57,2019-10-13,0830,N,nominal,1.0NRT,294.4,4.6,D
11.58774,79.68282,346.4,0.35,0.57,2019-10-13,0830,N,nominal,1.0NRT,292.5,1.6,D
11.72432,79.31472,351.5,0.33,0.56,2019-10-13,0830,N,nominal,1.0NRT,292.4,6,D
12.98335,80.0984,331.1,0.39,0.59,2019-10-13,0830,N,nominal,1.0NRT,292.3,1.7,D
14.02076,79.2299,332.3,0.35,0.57,2019-10-13,0830,N,nominal,1.0NRT,297.5,2,D
21.10712,72.64443,344.5,0.51,0.41,2019-10-13,0836,N,nominal,1.0NRT,299.2,11.4,D
18.03081,54.63814,338.8,0.75,0.77,2019-10-13,0836,N,nominal,1.0NRT,303.5,6.1,D
18.03466,54.63615,336.8,0.75,0.77,2019-10-13,0836,N,nominal,1.0NRT,303.6,7.5,D
21.84118,73.54527,341.7,0.39,0.44,2019-10-13,0836,N,nominal,1.0NRT,302.9,3,D
18.68536,55.50489,335.6,0.64,0.72,2019-10-13,0836,N,nominal,1.0NRT,303.6,3.1,D
21.77817,71.13604,332.5,0.44,0.38,2019-10-13,0836,N,nominal,1.0NRT,301.9,2.4,D
19.26651,56.17596,336.1,0.57,0.69,2019-10-13,0836,N,nominal,1.0NRT,303,1.6,D
22.06386,69.43707,335.3,0.39,0.36,2019-10-13,0836,N,nominal,1.0NRT,301.2,3.1,D
22.41808,69.03928,341.5,0.39,0.36,2019-10-13,0836,N,nominal,1.0NRT,305.5,4.5,D
22.9369,69.69796,342.4,0.4,0.37,2019-10-13,0836,N,nominal,1.0NRT,308.7,5.1,D
20.98727,57.79638,353,0.42,0.61,2019-10-13,0836,N,nominal,1.0NRT,307.1,1.8,D
21.30158,57.79853,341.2,0.41,0.61,2019-10-13,0836,N,nominal,1.0NRT,305,3.5,D
21.44768,56.5885,342.8,0.48,0.65,2019-10-13,0836,N,nominal,1.0NRT,305.4,3.5,D
21.50533,56.6229,336.1,0.48,0.65,2019-10-13,0836,N,nominal,1.0NRT,305.1,2.7,D
21.50287,56.62487,336.5,0.48,0.65,2019-10-13,0836,N,nominal,1.0NRT,305.6,2.2,D
21.64175,56.56813,335.1,0.48,0.65,2019-10-13,0836,N,low,1.0NRT,305.9,2.4,D
21.66159,56.40875,338.9,0.49,0.65,2019-10-13,0836,N,nominal,1.0NRT,302.8,1.1,D
21.66413,56.40964,339.2,0.49,0.65,2019-10-13,0836,N,nominal,1.0NRT,303.3,0.6,D
22.40231,56.98568,355.5,0.44,0.62,2019-10-13,0836,N,nominal,1.0NRT,304,6.8,D
22.40328,56.98994,367,0.44,0.62,2019-10-13,0836,N,low,1.0NRT,304.8,6.8,D
24.72508,67.94901,335.5,0.39,0.36,2019-10-13,0836,N,low,1.0NRT,307.5,3.8,D
24.86853,68.87093,334.4,0.4,0.37,2019-10-13,0836,N,nominal,1.0NRT,303.4,2.4,D
26.17781,80.71391,330.4,0.6,0.71,2019-10-13,0836,N,nominal,1.0NRT,296.7,4.2,D
26.18177,80.71007,346.7,0.6,0.71,2019-10-13,0836,N,nominal,1.0NRT,296.1,5.7,D
25.24955,69.48217,336.9,0.41,0.37,2019-10-13,0836,N,nominal,1.0NRT,305.9,2.9,D
25.19318,68.58735,341.1,0.39,0.36,2019-10-13,0836,N,nominal,1.0NRT,306.8,3.1,D
25.19653,68.58676,341.3,0.39,0.36,2019-10-13,0836,N,nominal,1.0NRT,307.9,3.1,D
25.36874,69.08711,338.5,0.4,0.37,2019-10-13,0836,N,nominal,1.0NRT,307.6,2.2,D
25.70799,69.10044,334.6,0.41,0.37,2019-10-13,0836,N,low,1.0NRT,305.6,1.8,D
25.68839,68.86186,330.3,0.4,0.37,2019-10-13,0836,N,low,1.0NRT,303.2,3.4,D
23.15187,55.44479,337.7,0.52,0.67,2019-10-13,0836,N,low,1.0NRT,307.7,0.6,D
25.94949,68.61112,335.3,0.4,0.37,2019-10-13,0836,N,nominal,1.0NRT,307.8,1,D
25.98201,68.7436,338.7,0.4,0.37,2019-10-13,0836,N,nominal,1.0NRT,310.4,4.2,D
26.06379,69.07934,331.8,0.41,0.37,2019-10-13,0836,N,low,1.0NRT,303.5,3.4,D
26.11585,68.95467,331.9,0.4,0.37,2019-10-13,0836,N,low,1.0NRT,305.2,1.1,D
26.08537,68.28967,334.8,0.39,0.36,2019-10-13,0836,N,nominal,1.0NRT,301.1,1.1,D
26.26646,68.29861,346.2,0.39,0.36,2019-10-13,0836,N,nominal,1.0NRT,304.6,10.9,D
27.47564,77.53999,341.1,0.4,0.6,2019-10-13,0836,N,nominal,1.0NRT,298.7,7,D
26.48298,68.32518,333.6,0.39,0.36,2019-10-13,0836,N,low,1.0NRT,303.8,2.9,D
26.48242,68.32124,346.2,0.39,0.36,2019-10-13,0836,N,nominal,1.0NRT,308.8,8.7,D
26.93917,71.25781,340.2,0.5,0.41,2019-10-13,0836,N,nominal,1.0NRT,308.3,3.8,D
27.89503,79.76495,330.6,0.55,0.68,2019-10-13,0836,N,nominal,1.0NRT,298.6,5,D
26.70429,67.66168,338.3,0.39,0.36,2019-10-13,0836,N,low,1.0NRT,311.8,2.8,D
28.08761,80.75398,341.4,0.63,0.72,2019-10-13,0836,N,nominal,1.0NRT,294.6,6.1,D
28.07624,80.29094,333.1,0.59,0.7,2019-10-13,0836,N,nominal,1.0NRT,295.8,2.7,D
27.90202,77.54025,336.8,0.4,0.6,2019-10-13,0836,N,nominal,1.0NRT,297.6,3.1,D
27.89448,77.44109,339.3,0.39,0.6,2019-10-13,0836,N,nominal,1.0NRT,297.5,7,D
27.89417,77.43702,334.2,0.39,0.6,2019-10-13,0836,N,nominal,1.0NRT,297.1,7.1,D
27.9059,77.44418,367,0.39,0.6,2019-10-13,0836,N,high,1.0NRT,300.4,11.6,D
27.90622,77.44827,331.4,0.39,0.6,2019-10-13,0836,N,nominal,1.0NRT,296.5,11.3,D
27.91367,77.47243,342.2,0.4,0.6,2019-10-13,0836,N,nominal,1.0NRT,298.8,4.8,D
27.98906,77.52029,331.3,0.4,0.6,2019-10-13,0836,N,nominal,1.0NRT,297.9,3.7,D
28.01297,77.53911,336.8,0.4,0.6,2019-10-13,0836,N,nominal,1.0NRT,297.7,4.6,D
28.01266,77.53496,334.5,0.4,0.6,2019-10-13,0836,N,nominal,1.0NRT,298.1,3.5,D
28.19695,80.2319,328.9,0.59,0.7,2019-10-13,0836,N,nominal,1.0NRT,295.9,3.6,D
28.06647,77.52963,331.9,0.4,0.6,2019-10-13,0836,N,nominal,1.0NRT,298.7,2.9,D
28.41811,79.32555,336.4,0.52,0.67,2019-10-13,0836,N,nominal,1.0NRT,299.4,3.8,D
28.63916,80.00875,329,0.57,0.69,2019-10-13,0836,N,nominal,1.0NRT,294.5,2.6,D
27.57884,68.73663,334.7,0.41,0.37,2019-10-13,0836,N,nominal,1.0NRT,306.9,3.4,D
28.70952,79.65404,338.7,0.55,0.68,2019-10-13,0836,N,nominal,1.0NRT,297.5,4.6,D
28.74201,79.87561,336.2,0.56,0.69,2019-10-13,0836,N,nominal,1.0NRT,295.4,5.2,D
28.70553,79.65497,339.2,0.55,0.68,2019-10-13,0836,N,nominal,1.0NRT,297.2,5.1,D
28.78924,79.77819,330.6,0.56,0.69,2019-10-13,0836,N,nominal,1.0NRT,295.5,6.3,D
28.78724,79.74296,335.9,0.55,0.68,2019-10-13,0836,N,nominal,1.0NRT,297.1,5.2,D
28.8111,79.49867,353.5,0.54,0.68,2019-10-13,0836,N,nominal,1.0NRT,297.3,6.6,D
28.81383,79.50034,342.6,0.54,0.68,2019-10-13,0836,N,nominal,1.0NRT,296.4,9.3,D
28.84134,79.65384,339.8,0.55,0.68,2019-10-13,0836,N,nominal,1.0NRT,295.7,5.4,D
28.86535,79.8589,336.8,0.56,0.69,2019-10-13,0836,N,nominal,1.0NRT,297.5,8.4,D
28.86433,79.72238,341,0.55,0.68,2019-10-13,0836,N,nominal,1.0NRT,296.5,5.8,D
28.87597,79.37194,345.9,0.53,0.67,2019-10-13,0836,N,nominal,1.0NRT,297.3,7.6,D
28.90338,79.73161,327.7,0.55,0.68,2019-10-13,0836,N,nominal,1.0NRT,295.3,2.6,D
28.98622,79.46868,344.8,0.54,0.68,2019-10-13,0836,N,nominal,1.0NRT,295.8,3.8,D
28.16522,69.36103,339.5,0.43,0.38,2019-10-13,0836,N,nominal,1.0NRT,307.4,2.2,D
29.12366,79.00018,330.4,0.5,0.66,2019-10-13,0836,N,nominal,1.0NRT,296.1,4.8,D
29.22009,76.26787,331.3,0.34,0.56,2019-10-13,0836,N,nominal,1.0NRT,300.2,1.8,D
29.4006,77.07378,333.6,0.39,0.59,2019-10-13,0836,N,nominal,1.0NRT,297,2,D
29.4005,77.07393,336.4,0.39,0.59,2019-10-13,0836,N,nominal,1.0NRT,297.1,2.3,D
29.47758,76.06353,336.3,0.34,0.56,2019-10-13,0836,N,nominal,1.0NRT,301.2,2.1,D
28.59156,68.05747,340.7,0.4,0.37,2019-10-13,0836,N,nominal,1.0NRT,309.6,2.2,D
29.47129,75.79762,330.8,0.33,0.55,2019-10-13,0836,N,nominal,1.0NRT,300.9,1.7,D
29.4966,76.04022,341.7,0.34,0.56,2019-10-13,0836,N,nominal,1.0NRT,300.2,3.5,D
29.50412,76.06808,340.9,0.34,0.56,2019-10-13,0836,N,nominal,1.0NRT,299.7,2.2,D
29.55169,76.3261,334.1,0.35,0.57,2019-10-13,0836,N,nominal,1.0NRT,300.6,2.2,D
29.55097,76.32569,336.9,0.35,0.57,2019-10-13,0836,N,nominal,1.0NRT,300.5,2.1,D
29.54306,76.01705,335.2,0.34,0.56,2019-10-13,0836,N,nominal,1.0NRT,300.9,2.9,D
29.62519,77.04337,337.4,0.39,0.59,2019-10-13,0836,N,nominal,1.0NRT,298.1,2.6,D
29.6217,76.99429,335.6,0.39,0.59,2019-10-13,0836,N,nominal,1.0NRT,298.6,2.7,D
29.54379,75.96021,346.1,0.33,0.56,2019-10-13,0836,N,nominal,1.0NRT,298.2,7.5,D
29.54351,75.95672,352.9,0.33,0.56,2019-10-13,0836,N,nominal,1.0NRT,299.4,5.7,D
29.61178,76.78129,335.7,0.37,0.58,2019-10-13,0836,N,nominal,1.0NRT,298.9,3,D
29.57936,76.34904,332.1,0.35,0.57,2019-10-13,0836,N,nominal,1.0NRT,299.4,2,D
29.60937,76.67501,348.5,0.37,0.58,2019-10-13,0836,N,nominal,1.0NRT,301.4,6.4,D
29.60399,76.39169,346.3,0.35,0.57,2019-10-13,0836,N,nominal,1.0NRT,300.6,4.2,D
29.6342,76.71593,332.2,0.37,0.58,2019-10-13,0836,N,nominal,1.0NRT,298.6,3.5,D
29.6339,76.71202,340.5,0.37,0.58,2019-10-13,0836,N,nominal,1.0NRT,298.6,3.5,D
29.55891,75.7636,332.1,0.32,0.55,2019-10-13,0836,N,nominal,1.0NRT,300.3,3.5,D
29.58594,75.90323,337.5,0.33,0.55,2019-10-13,0836,N,nominal,1.0NRT,298.2,5,D
29.57308,75.74844,330.7,0.32,0.55,2019-10-13,0836,N,nominal,1.0NRT,300.1,2,D
29.6676,76.86826,352.1,0.38,0.59,2019-10-13,0836,N,nominal,1.0NRT,299.6,6.6,D
29.63672,76.46801,330.3,0.36,0.57,2019-10-13,0836,N,nominal,1.0NRT,298.7,2.2,D
29.66635,76.70906,342.6,0.37,0.58,2019-10-13,0836,N,nominal,1.0NRT,299.4,2.9,D
29.6039,75.86993,332.1,0.33,0.55,2019-10-13,0836,N,nominal,1.0NRT,298.3,3,D
29.66774,76.70778,345.9,0.37,0.58,2019-10-13,0836,N,nominal,1.0NRT,299.9,4.5,D
29.60949,75.92011,333.5,0.33,0.55,2019-10-13,0836,N,nominal,1.0NRT,298.3,2.3,D
29.60572,75.87136,336.4,0.33,0.55,2019-10-13,0836,N,nominal,1.0NRT,298.5,2.9,D
29.60817,75.83624,330.1,0.33,0.55,2019-10-13,0836,N,nominal,1.0NRT,298.6,1.7,D
29.70795,77.12675,330.3,0.39,0.6,2019-10-13,0836,N,nominal,1.0NRT,296.7,3.3,D
29.62059,75.86284,331.4,0.33,0.55,2019-10-13,0836,N,nominal,1.0NRT,298.4,1.3,D
29.70992,76.91606,367,0.38,0.59,2019-10-13,0836,N,high,1.0NRT,299.1,14.6,D
29.71857,76.96009,345.2,0.38,0.59,2019-10-13,0836,N,nominal,1.0NRT,298.4,4.2,D
29.70877,76.74748,367,0.37,0.58,2019-10-13,0836,N,high,1.0NRT,301,7.9,D
29.65406,75.95802,341.2,0.33,0.56,2019-10-13,0836,N,nominal,1.0NRT,298.1,2.2,D
29.64351,75.82568,330.2,0.33,0.55,2019-10-13,0836,N,nominal,1.0NRT,299.5,1.7,D
29.60835,75.39614,337.9,0.62,0.54,2019-10-13,0836,N,nominal,1.0NRT,300.4,6.1,D
29.73271,76.92619,349.2,0.38,0.59,2019-10-13,0836,N,nominal,1.0NRT,298.9,6.1,D
29.7382,76.9257,332.9,0.38,0.59,2019-10-13,0836,N,nominal,1.0NRT,297.6,3.4,D
29.74561,76.87634,339.7,0.38,0.59,2019-10-13,0836,N,nominal,1.0NRT,298.5,4.4,D
29.67876,75.94138,350.1,0.33,0.56,2019-10-13,0836,N,nominal,1.0NRT,298.6,3.3,D
29.5254,74.18875,336.9,0.52,0.5,2019-10-13,0836,N,nominal,1.0NRT,301.3,3.5,D
29.66411,75.69952,355.3,0.32,0.55,2019-10-13,0836,N,nominal,1.0NRT,304.5,6.1,D
29.66919,75.69901,367,0.32,0.55,2019-10-13,0836,N,high,1.0NRT,301.6,6.1,D
29.67343,75.68835,336.7,0.32,0.55,2019-10-13,0836,N,nominal,1.0NRT,301.1,4.2,D
29.31945,71.97724,342.2,0.39,0.44,2019-10-13,0836,N,nominal,1.0NRT,309.2,4.5,D
29.69875,75.80624,333.2,0.33,0.55,2019-10-13,0836,N,nominal,1.0NRT,298.8,1.8,D
29.77322,76.66264,356.3,0.37,0.58,2019-10-13,0836,N,nominal,1.0NRT,300,8.5,D
29.77801,76.65437,330.2,0.37,0.58,2019-10-13,0836,N,nominal,1.0NRT,298,2,D
29.71306,75.85356,345.5,0.33,0.55,2019-10-13,0836,N,nominal,1.0NRT,299.9,5.7,D
29.78738,76.70466,332.4,0.37,0.58,2019-10-13,0836,N,nominal,1.0NRT,297.8,5.3,D
29.78708,76.70074,341.7,0.37,0.58,2019-10-13,0836,N,nominal,1.0NRT,297.6,4,D
29.68344,75.27788,338.1,0.61,0.53,2019-10-13,0836,N,nominal,1.0NRT,301.9,5.9,D
29.71006,75.85286,354.7,0.33,0.55,2019-10-13,0836,N,nominal,1.0NRT,301.2,5.6,D
29.77541,76.66228,367,0.37,0.58,2019-10-13,0836,N,high,1.0NRT,300.4,7.7,D
29.7893,76.70435,332.9,0.37,0.58,2019-10-13,0836,N,nominal,1.0NRT,297.3,5.7,D
29.78902,76.70042,341.1,0.37,0.58,2019-10-13,0836,N,nominal,1.0NRT,297.2,4.5,D
29.6843,75.27621,334.7,0.61,0.53,2019-10-13,0836,N,nominal,1.0NRT,301.2,5.1,D
29.72106,75.66522,351.1,0.32,0.55,2019-10-13,0836,N,nominal,1.0NRT,298.2,4.8,D
29.83371,77.09926,333.2,0.39,0.6,2019-10-13,0836,N,nominal,1.0NRT,296.8,2.4,D
29.77431,76.14328,332.9,0.34,0.56,2019-10-13,0836,N,nominal,1.0NRT,297.7,2.4,D
29.83074,76.60229,347.5,0.37,0.58,2019-10-13,0836,N,nominal,1.0NRT,299.9,4.1,D
29.8294,76.51324,341.9,0.36,0.58,2019-10-13,0836,N,nominal,1.0NRT,300.7,3.8,D
29.85875,76.75758,340.5,0.38,0.58,2019-10-13,0836,N,nominal,1.0NRT,296.8,4.5,D
29.83982,76.50842,331.7,0.36,0.58,2019-10-13,0836,N,nominal,1.0NRT,299,2.1,D
29.84517,76.5079,335.5,0.36,0.58,2019-10-13,0836,N,nominal,1.0NRT,298.1,3.4,D
29.88383,76.79942,348.7,0.38,0.59,2019-10-13,0836,N,nominal,1.0NRT,297.3,6,D
29.85246,76.26113,367,0.35,0.57,2019-10-13,0836,N,high,1.0NRT,302.5,7.6,D
29.9051,76.86208,341.1,0.38,0.59,2019-10-13,0836,N,nominal,1.0NRT,298.1,6,D
29.86571,76.29346,367,0.35,0.57,2019-10-13,0836,N,high,1.0NRT,300.2,8.5,D
29.90532,76.79348,345.1,0.38,0.59,2019-10-13,0836,N,nominal,1.0NRT,299.9,3.5,D
29.86993,76.34559,342.9,0.35,0.57,2019-10-13,0836,N,nominal,1.0NRT,300.6,3.9,D
29.7027,74.3899,331.1,0.54,0.51,2019-10-13,0836,N,nominal,1.0NRT,300.8,2.5,D
29.88459,76.80047,355.5,0.38,0.59,2019-10-13,0836,N,nominal,1.0NRT,298.9,6.3,D
29.85137,76.26168,367,0.35,0.57,2019-10-13,0836,N,high,1.0NRT,301.7,6.8,D
29.8644,76.29403,367,0.35,0.57,2019-10-13,0836,N,high,1.0NRT,301.8,7,D
29.90545,76.86323,343.3,0.38,0.59,2019-10-13,0836,N,nominal,1.0NRT,298.4,4.5,D
29.90207,76.81499,330.8,0.38,0.59,2019-10-13,0836,N,nominal,1.0NRT,299.2,2.4,D
29.86827,76.34629,348.5,0.35,0.57,2019-10-13,0836,N,nominal,1.0NRT,300.6,4.1,D
29.90611,76.79448,339.8,0.38,0.59,2019-10-13,0836,N,nominal,1.0NRT,300.1,4.2,D
29.93472,77.12554,331.1,0.4,0.6,2019-10-13,0836,N,nominal,1.0NRT,298.6,1.9,D
29.91925,76.90273,330.6,0.38,0.59,2019-10-13,0836,N,nominal,1.0NRT,298.1,3.6,D
29.90873,76.75415,337.5,0.38,0.58,2019-10-13,0836,N,nominal,1.0NRT,297.8,2.6,D
29.89259,76.38557,340.5,0.36,0.57,2019-10-13,0836,N,nominal,1.0NRT,297.1,4.6,D
29.88639,76.30315,333.6,0.35,0.57,2019-10-13,0836,N,nominal,1.0NRT,298.6,3.3,D
29.88499,76.28458,335.5,0.35,0.57,2019-10-13,0836,N,nominal,1.0NRT,298.7,2.3,D
29.83543,75.64986,333,0.32,0.55,2019-10-13,0836,N,nominal,1.0NRT,297.5,2.1,D
29.89168,76.30265,338.8,0.35,0.57,2019-10-13,0836,N,nominal,1.0NRT,299.1,3.1,D
29.88605,76.22858,331.8,0.35,0.57,2019-10-13,0836,N,nominal,1.0NRT,299.1,2.4,D
29.86729,75.98604,335.5,0.34,0.56,2019-10-13,0836,N,nominal,1.0NRT,299.4,1.6,D
29.93366,76.79601,344.2,0.38,0.59,2019-10-13,0836,N,nominal,1.0NRT,300.2,5.8,D
29.93147,76.61736,335.1,0.37,0.58,2019-10-13,0836,N,nominal,1.0NRT,298.2,2.5,D
29.89162,76.09567,336.5,0.34,0.56,2019-10-13,0836,N,nominal,1.0NRT,298.5,2.7,D
29.99759,77.22209,332.1,0.4,0.6,2019-10-13,0836,N,nominal,1.0NRT,298.4,2.1,D
29.9401,76.44592,334.6,0.36,0.57,2019-10-13,0836,N,nominal,1.0NRT,297.8,2.3,D
29.92436,76.24346,341,0.35,0.57,2019-10-13,0836,N,nominal,1.0NRT,299.3,1.2,D
29.94544,76.4454,334.4,0.36,0.57,2019-10-13,0836,N,nominal,1.0NRT,298.5,3.4,D
29.89677,75.77115,345.7,0.33,0.55,2019-10-13,0836,N,nominal,1.0NRT,298.8,2.7,D
29.90189,75.77065,330.5,0.33,0.55,2019-10-13,0836,N,nominal,1.0NRT,297.4,1.7,D
29.98396,76.73538,330.4,0.37,0.58,2019-10-13,0836,N,nominal,1.0NRT,296.6,2.1,D
29.97703,76.64471,332.8,0.37,0.58,2019-10-13,0836,N,nominal,1.0NRT,300,1.6,D
29.96585,76.36352,333.4,0.36,0.57,2019-10-13,0836,N,nominal,1.0NRT,299.4,2.2,D
29.95452,76.22202,348,0.35,0.57,2019-10-13,0836,N,nominal,1.0NRT,300,4.2,D
29.97116,76.36302,341.6,0.36,0.57,2019-10-13,0836,N,nominal,1.0NRT,299,3.8,D
30.00693,76.74934,335.4,0.38,0.58,2019-10-13,0836,N,nominal,1.0NRT,299.5,3.5,D
29.96895,76.26908,348.3,0.35,0.57,2019-10-13,0836,N,nominal,1.0NRT,298.9,3.7,D
29.95403,76.22146,349,0.35,0.57,2019-10-13,0836,N,nominal,1.0NRT,300.7,4,D
29.96973,76.36268,356,0.36,0.57,2019-10-13,0836,N,nominal,1.0NRT,300,5.9,D
30.00488,76.77752,331.9,0.38,0.59,2019-10-13,0836,N,nominal,1.0NRT,296.8,2.8,D
30.0046,76.77352,338.3,0.38,0.59,2019-10-13,0836,N,nominal,1.0NRT,296,2.8,D
30.00011,76.70984,329.3,0.37,0.58,2019-10-13,0836,N,nominal,1.0NRT,297.9,2,D
29.96815,76.26859,349.9,0.35,0.57,2019-10-13,0836,N,nominal,1.0NRT,298.8,3.2,D
30.00836,76.74908,336,0.38,0.58,2019-10-13,0836,N,nominal,1.0NRT,299.6,3.5,D
30.00253,76.51686,367,0.36,0.58,2019-10-13,0836,N,high,1.0NRT,301.4,4.2,D
30.00789,76.51637,338.6,0.36,0.58,2019-10-13,0836,N,nominal,1.0NRT,299,4.2,D
30.01896,76.59344,349.7,0.37,0.58,2019-10-13,0836,N,nominal,1.0NRT,300.1,4.1,D
30.04645,76.74561,329.6,0.38,0.58,2019-10-13,0836,N,nominal,1.0NRT,297.6,2.8,D
30.04528,76.72966,329.4,0.38,0.58,2019-10-13,0836,N,nominal,1.0NRT,297.1,1.2,D
30.03253,76.55692,345.4,0.37,0.58,2019-10-13,0836,N,nominal,1.0NRT,298.6,3.9,D
30.08743,77.08304,331.2,0.39,0.6,2019-10-13,0836,N,nominal,1.0NRT,299.3,2.2,D
26.85222,55.85168,347.8,0.41,0.61,2019-10-13,0836,N,nominal,1.0NRT,298.7,5.2,D
30.11797,77.35532,343.6,0.41,0.61,2019-10-13,0836,N,nominal,1.0NRT,300,5.2,D
30.11767,77.35097,338.4,0.41,0.61,2019-10-13,0836,N,nominal,1.0NRT,298.9,5.2,D
30.09653,76.97778,339.3,0.39,0.59,2019-10-13,0836,N,nominal,1.0NRT,298,3.5,D
30.06808,76.59675,356.5,0.37,0.58,2019-10-13,0836,N,nominal,1.0NRT,294.4,6.1,D
30.08725,76.77816,330.2,0.38,0.59,2019-10-13,0836,N,nominal,1.0NRT,297.1,1,D
30.11892,77.05509,330.1,0.39,0.6,2019-10-13,0836,N,nominal,1.0NRT,298.2,1.4,D
30.07965,76.398,340.6,0.36,0.57,2019-10-13,0836,N,nominal,1.0NRT,295.1,2.1,D
30.09517,76.80486,331.4,0.38,0.59,2019-10-13,0836,N,nominal,1.0NRT,299.5,2.5,D
30.07535,76.52069,335.6,0.37,0.58,2019-10-13,0836,N,nominal,1.0NRT,297.8,2.9,D
30.11764,77.05455,329.5,0.39,0.6,2019-10-13,0836,N,nominal,1.0NRT,298.3,1.5,D
30.12114,76.70582,340.3,0.37,0.58,2019-10-13,0836,N,nominal,1.0NRT,298.9,4.6,D
30.14003,76.74021,333.5,0.38,0.58,2019-10-13,0836,N,nominal,1.0NRT,298.5,2.1,D
30.17631,77.01578,346.2,0.39,0.59,2019-10-13,0836,N,nominal,1.0NRT,299,4.1,D
30.15625,76.66272,341.3,0.37,0.58,2019-10-13,0836,N,nominal,1.0NRT,299.4,3.9,D
30.18547,76.91119,349.6,0.39,0.59,2019-10-13,0836,N,nominal,1.0NRT,300.7,5.8,D
30.19097,76.91068,332.4,0.39,0.59,2019-10-13,0836,N,nominal,1.0NRT,299.3,4.8,D
30.2318,77.32328,342.6,0.41,0.61,2019-10-13,0836,N,nominal,1.0NRT,299.1,4.1,D
30.15787,76.26036,367,0.35,0.57,2019-10-13,0836,N,high,1.0NRT,297.3,7.7,D
30.12033,75.79491,350.5,0.33,0.55,2019-10-13,0836,N,nominal,1.0NRT,300.1,2.7,D
30.2258,76.85836,337.3,0.38,0.59,2019-10-13,0836,N,nominal,1.0NRT,295.4,2.1,D
30.23489,77.32378,337.5,0.41,0.61,2019-10-13,0836,N,nominal,1.0NRT,298.1,4.1,D
30.24277,76.70289,344.9,0.38,0.58,2019-10-13,0836,N,nominal,1.0NRT,297,4.3,D
30.09902,74.44525,340.3,0.55,0.51,2019-10-13,0836,N,nominal,1.0NRT,299.6,6.3,D
29.92053,72.39263,332.8,0.42,0.45,2019-10-13,0836,N,nominal,1.0NRT,301.3,3.9,D
27.15929,56.10325,332.3,0.39,0.59,2019-10-13,0836,N,nominal,1.0NRT,301,1.6,D
27.16963,56.05031,367,0.39,0.6,2019-10-13,0836,N,high,1.0NRT,301.9,9.9,D
27.1687,56.04641,343.1,0.39,0.6,2019-10-13,0836,N,nominal,1.0NRT,301.3,6.3,D
30.04529,73.24318,338.5,0.47,0.47,2019-10-13,0836,N,nominal,1.0NRT,303.3,4.3,D
29.93292,72.14018,337,0.4,0.44,2019-10-13,0836,N,nominal,1.0NRT,303.4,2.1,D
30.31576,76.2662,367,0.35,0.57,2019-10-13,0836,N,high,1.0NRT,298.1,7.4,D
29.89314,71.65933,331.5,0.57,0.43,2019-10-13,0836,N,low,1.0NRT,304.4,9,D
30.30562,75.92714,338,0.34,0.56,2019-10-13,0836,N,nominal,1.0NRT,295.6,3.5,D
30.3136,75.76578,337.1,0.33,0.55,2019-10-13,0836,N,nominal,1.0NRT,297.1,2,D
30.04003,72.71461,331.3,0.43,0.46,2019-10-13,0836,N,nominal,1.0NRT,303.5,1.9,D
30.31388,75.51958,332.3,0.32,0.55,2019-10-13,0836,N,nominal,1.0NRT,298.6,3.5,D
30.02476,72.40979,331.4,0.42,0.45,2019-10-13,0836,N,low,1.0NRT,303.4,2,D
30.31731,75.51646,338.6,0.32,0.55,2019-10-13,0836,N,nominal,1.0NRT,298.5,2.5,D
30.38132,76.08548,329.6,0.35,0.56,2019-10-13,0836,N,nominal,1.0NRT,296.7,2.3,D
29.95786,71.49419,339.2,0.56,0.43,2019-10-13,0836,N,nominal,1.0NRT,305.2,10.2,D
30.4555,76.89329,335.7,0.39,0.59,2019-10-13,0836,N,nominal,1.0NRT,299.3,2.2,D
30.43452,76.59457,330,0.37,0.58,2019-10-13,0836,N,nominal,1.0NRT,295.7,3,D
30.10453,72.7224,340,0.44,0.46,2019-10-13,0836,N,nominal,1.0NRT,301.4,2.9,D
30.37111,75.61405,367,0.32,0.55,2019-10-13,0836,N,high,1.0NRT,297.7,5.3,D
30.15018,73.13475,330.3,0.46,0.47,2019-10-13,0836,N,low,1.0NRT,301.6,3.1,D
30.14556,72.9997,332.5,0.45,0.47,2019-10-13,0836,N,low,1.0NRT,303,1.3,D
30.03226,71.8389,342,0.39,0.44,2019-10-13,0836,N,nominal,1.0NRT,304.1,5,D
30.0363,71.83833,344.2,0.39,0.44,2019-10-13,0836,N,nominal,1.0NRT,304.8,6.2,D
30.34986,74.87862,343.2,0.59,0.53,2019-10-13,0836,N,nominal,1.0NRT,298.6,11.8,D
30.46382,76.19324,330.7,0.35,0.57,2019-10-13,0836,N,nominal,1.0NRT,296.3,2.4,D
30.2381,73.30183,336.3,0.47,0.48,2019-10-13,0836,N,nominal,1.0NRT,302.1,3,D
30.23711,73.30357,339.2,0.47,0.48,2019-10-13,0836,N,nominal,1.0NRT,302.9,4.5,D
30.4927,76.17043,330.1,0.35,0.57,2019-10-13,0836,N,nominal,1.0NRT,296.2,1.7,D
30.32331,73.83446,336,0.51,0.49,2019-10-13,0836,N,nominal,1.0NRT,301.3,5,D
30.55242,76.54716,334.2,0.37,0.58,2019-10-13,0836,N,nominal,1.0NRT,297.8,2.8,D
30.49819,75.82499,331.7,0.33,0.56,2019-10-13,0836,N,nominal,1.0NRT,296.6,2,D
30.28815,73.32228,347.5,0.47,0.48,2019-10-13,0836,N,nominal,1.0NRT,301.9,9.3,D
30.31572,73.4203,338.8,0.48,0.48,2019-10-13,0836,N,nominal,1.0NRT,303.3,5.3,D
30.59085,76.55158,330.7,0.37,0.58,2019-10-13,0836,N,nominal,1.0NRT,296.2,2,D
30.35378,73.76621,331.5,0.5,0.49,2019-10-13,0836,N,low,1.0NRT,304.2,2.4,D
30.29459,73.16196,340.8,0.46,0.47,2019-10-13,0836,N,nominal,1.0NRT,302.8,5.6,D
30.62015,76.79959,329.6,0.38,0.59,2019-10-13,0836,N,nominal,1.0NRT,299.5,3.5,D
30.62955,76.85248,328.6,0.39,0.59,2019-10-13,0836,N,nominal,1.0NRT,300.5,1.6,D
30.63297,76.74915,342.4,0.38,0.59,2019-10-13,0836,N,nominal,1.0NRT,298.1,3.7,D
30.36271,73.62183,331,0.49,0.49,2019-10-13,0836,N,nominal,1.0NRT,301.9,5.9,D
30.36221,73.61664,336.1,0.49,0.49,2019-10-13,0836,N,nominal,1.0NRT,302.1,4.2,D
30.36723,73.62128,340.6,0.49,0.49,2019-10-13,0836,N,nominal,1.0NRT,301.6,5.9,D
30.36671,73.6161,334.8,0.49,0.49,2019-10-13,0836,N,nominal,1.0NRT,302.3,4.2,D
30.36394,73.61907,355.9,0.49,0.49,2019-10-13,0836,N,nominal,1.0NRT,303.8,14,D
30.62052,76.79988,336.2,0.38,0.59,2019-10-13,0836,N,nominal,1.0NRT,299.9,3.6,D
30.36845,73.61851,330.8,0.49,0.49,2019-10-13,0836,N,nominal,1.0NRT,303.1,3.3,D
30.32668,73.12543,332.4,0.46,0.47,2019-10-13,0836,N,nominal,1.0NRT,301,1.4,D
30.63366,76.74931,339.5,0.38,0.59,2019-10-13,0836,N,nominal,1.0NRT,297.8,3.6,D
30.4586,74.4197,341.4,0.55,0.51,2019-10-13,0836,N,nominal,1.0NRT,301.2,13.2,D
30.34607,73.14263,337,0.46,0.47,2019-10-13,0836,N,nominal,1.0NRT,301.7,5.1,D
30.34371,73.11833,348.4,0.46,0.47,2019-10-13,0836,N,nominal,1.0NRT,305,12,D
30.40602,73.62968,340.3,0.5,0.49,2019-10-13,0836,N,nominal,1.0NRT,301.4,5.7,D
30.45575,73.81608,351.4,0.51,0.49,2019-10-13,0836,N,nominal,1.0NRT,302,10.6,D
30.48688,73.94913,350.5,0.52,0.5,2019-10-13,0836,N,nominal,1.0NRT,303.5,7.8,D
30.41175,73.09004,339.6,0.46,0.47,2019-10-13,0836,N,nominal,1.0NRT,302.7,3.2,D
30.4943,73.78445,340.7,0.51,0.49,2019-10-13,0836,N,nominal,1.0NRT,300.8,10.7,D
30.45899,73.49962,339.2,0.49,0.48,2019-10-13,0836,N,nominal,1.0NRT,301.7,3,D
30.49385,73.78142,343.9,0.51,0.49,2019-10-13,0836,N,nominal,1.0NRT,302.2,8.9,D
30.34137,72.20368,354,0.41,0.45,2019-10-13,0836,N,nominal,1.0NRT,307.4,23.3,D
30.50931,73.85014,335,0.51,0.49,2019-10-13,0836,N,nominal,1.0NRT,300.2,1.8,D
30.45979,73.31483,336.1,0.48,0.48,2019-10-13,0836,N,nominal,1.0NRT,302.8,3.2,D
30.45175,73.23021,333.3,0.47,0.48,2019-10-13,0836,N,low,1.0NRT,303.4,7.6,D
30.47997,73.48145,334.3,0.49,0.48,2019-10-13,0836,N,nominal,1.0NRT,302.9,2.5,D
30.46898,73.36451,330.8,0.48,0.48,2019-10-13,0836,N,nominal,1.0NRT,302.1,3.5,D
30.65758,75.23906,339.9,0.62,0.54,2019-10-13,0836,N,nominal,1.0NRT,295.8,12.1,D
30.53502,73.72798,336.4,0.5,0.49,2019-10-13,0836,N,nominal,1.0NRT,301,2.3,D
30.54768,73.71573,332.3,0.5,0.49,2019-10-13,0836,N,nominal,1.0NRT,302.2,2.3,D
30.59142,74.13566,347.5,0.53,0.5,2019-10-13,0836,N,nominal,1.0NRT,300.9,11.5,D
30.77934,76.32909,334,0.36,0.57,2019-10-13,0836,N,nominal,1.0NRT,294.5,2.6,D
30.77154,76.22588,348.7,0.36,0.57,2019-10-13,0836,N,nominal,1.0NRT,297.5,5,D
30.55829,73.68234,339,0.5,0.49,2019-10-13,0836,N,nominal,1.0NRT,303.9,5.4,D
30.70094,75.1553,337.5,0.61,0.54,2019-10-13,0836,N,nominal,1.0NRT,299,5.1,D
30.61743,74.21272,333.8,0.54,0.51,2019-10-13,0836,N,nominal,1.0NRT,299,2.9,D
30.58988,73.9174,331.7,0.52,0.5,2019-10-13,0836,N,nominal,1.0NRT,300.3,3.7,D
30.56839,73.69182,337.9,0.5,0.49,2019-10-13,0836,N,nominal,1.0NRT,302.5,5.2,D
30.61309,74.01469,334.2,0.52,0.5,2019-10-13,0836,N,nominal,1.0NRT,301.1,4.3,D
30.61301,73.96452,334.2,0.52,0.5,2019-10-13,0836,N,nominal,1.0NRT,302.2,3.6,D
30.59111,73.68909,345.6,0.5,0.49,2019-10-13,0836,N,nominal,1.0NRT,303.8,7.1,D
30.59008,73.67852,337.5,0.5,0.49,2019-10-13,0836,N,nominal,1.0NRT,302.1,3.3,D
30.58544,73.63116,334.1,0.5,0.49,2019-10-13,0836,N,nominal,1.0NRT,303.9,6.6,D
30.59668,73.69913,343.4,0.5,0.49,2019-10-13,0836,N,nominal,1.0NRT,305.3,11,D
30.59617,73.69384,331.6,0.5,0.49,2019-10-13,0836,N,low,1.0NRT,302.7,11,D
30.70143,75.15552,337.2,0.61,0.54,2019-10-13,0836,N,nominal,1.0NRT,299.6,6.2,D
30.63088,74.18173,332,0.54,0.51,2019-10-13,0836,N,nominal,1.0NRT,297.7,4,D
30.61181,73.96366,333.5,0.52,0.5,2019-10-13,0836,N,nominal,1.0NRT,302.5,3.3,D
30.59173,73.68774,341.6,0.5,0.49,2019-10-13,0836,N,nominal,1.0NRT,304.1,10.2,D
30.59077,73.67716,335.3,0.5,0.49,2019-10-13,0836,N,nominal,1.0NRT,301.2,5.2,D
30.58645,73.62974,341.6,0.5,0.49,2019-10-13,0836,N,nominal,1.0NRT,304.2,3.6,D
30.59724,73.6978,345.3,0.5,0.49,2019-10-13,0836,N,nominal,1.0NRT,304.5,13.2,D
30.61461,73.78742,344.2,0.51,0.49,2019-10-13,0836,N,nominal,1.0NRT,302,8.5,D
30.61396,73.6797,341.4,0.5,0.49,2019-10-13,0836,N,nominal,1.0NRT,302,3.8,D
30.67865,74.23956,334.6,0.54,0.51,2019-10-13,0836,N,nominal,1.0NRT,298.8,2.6,D
30.61973,73.59387,330.1,0.5,0.49,2019-10-13,0836,N,low,1.0NRT,301,2.7,D
30.63808,73.74129,344.3,0.51,0.49,2019-10-13,0836,N,nominal,1.0NRT,302.3,4.6,D
30.64712,73.78897,343.3,0.51,0.49,2019-10-13,0836,N,nominal,1.0NRT,302,7.9,D
30.49526,72.21082,343.7,0.41,0.45,2019-10-13,0836,N,nominal,1.0NRT,301.8,7.6,D
30.6383,73.5969,344.4,0.5,0.49,2019-10-13,0836,N,nominal,1.0NRT,300.9,5.4,D
30.74843,74.64884,332.2,0.57,0.52,2019-10-13,0836,N,nominal,1.0NRT,298.8,3.1,D
30.74631,74.62458,331.4,0.57,0.52,2019-10-13,0836,N,nominal,1.0NRT,298.4,3.1,D
30.66595,73.74337,338.3,0.51,0.49,2019-10-13,0836,N,nominal,1.0NRT,300,4.7,D
30.72939,74.27442,340.4,0.54,0.51,2019-10-13,0836,N,nominal,1.0NRT,298.8,4.3,D
30.69911,73.8979,333.6,0.52,0.5,2019-10-13,0836,N,nominal,1.0NRT,300.4,4.2,D
30.67803,73.62926,344,0.5,0.49,2019-10-13,0836,N,nominal,1.0NRT,305.8,8.7,D
30.76982,74.5611,341.2,0.57,0.52,2019-10-13,0836,N,nominal,1.0NRT,297.6,6.7,D
30.67289,73.52941,333.7,0.49,0.49,2019-10-13,0836,N,nominal,1.0NRT,300.1,4,D
30.67881,73.63129,345.1,0.5,0.49,2019-10-13,0836,N,nominal,1.0NRT,304.8,12.9,D
30.76859,74.5586,343.3,0.57,0.52,2019-10-13,0836,N,nominal,1.0NRT,298.4,8.5,D
30.78417,74.40068,334.6,0.55,0.51,2019-10-13,0836,N,nominal,1.0NRT,298.9,4.3,D
30.79063,74.3644,333.6,0.55,0.51,2019-10-13,0836,N,nominal,1.0NRT,295.6,3.2,D
30.77313,74.05965,332.7,0.53,0.5,2019-10-13,0836,N,nominal,1.0NRT,300.1,2.8,D
30.77778,74.0591,333.7,0.53,0.5,2019-10-13,0836,N,nominal,1.0NRT,301.2,2.8,D
30.71516,73.38541,350.8,0.48,0.48,2019-10-13,0836,N,nominal,1.0NRT,303.5,6.5,D
30.9694,76.34362,331.9,0.36,0.58,2019-10-13,0836,N,nominal,1.0NRT,296.5,3.1,D
30.76394,73.65841,337.8,0.5,0.49,2019-10-13,0836,N,nominal,1.0NRT,300.6,4.5,D
27.44819,54.14473,353.7,0.5,0.66,2019-10-13,0836,N,nominal,1.0NRT,303.1,10.6,D
30.82965,74.16158,344,0.54,0.51,2019-10-13,0836,N,nominal,1.0NRT,301.8,17.1,D
30.87489,74.60782,330,0.57,0.52,2019-10-13,0836,N,nominal,1.0NRT,297.7,4.5,D
31.01477,76.23077,367,0.36,0.57,2019-10-13,0836,N,high,1.0NRT,297.1,9.4,D
31.0201,76.23027,367,0.36,0.57,2019-10-13,0836,N,high,1.0NRT,297.5,9.4,D
30.81383,73.84262,335,0.51,0.5,2019-10-13,0836,N,nominal,1.0NRT,300.4,3.5,D
30.83191,74.16486,340.4,0.54,0.51,2019-10-13,0836,N,nominal,1.0NRT,299.9,9.6,D
30.83142,74.15916,340.3,0.54,0.51,2019-10-13,0836,N,nominal,1.0NRT,299.2,5.8,D
30.87853,74.60553,331.4,0.57,0.52,2019-10-13,0836,N,nominal,1.0NRT,297.1,4.1,D
30.81352,73.84567,341.8,0.52,0.5,2019-10-13,0836,N,nominal,1.0NRT,300.6,5.6,D
27.44874,54.141,367,0.5,0.66,2019-10-13,0836,N,high,1.0NRT,302.9,11.1,D
31.01827,76.23003,367,0.36,0.57,2019-10-13,0836,N,high,1.0NRT,299.8,19.6,D
30.8282,73.75074,341.8,0.51,0.49,2019-10-13,0836,N,nominal,1.0NRT,299.2,6.5,D
31.03943,76.07904,345.8,0.35,0.57,2019-10-13,0836,N,nominal,1.0NRT,296.7,3.3,D
30.99026,75.43404,334,0.32,0.55,2019-10-13,0836,N,nominal,1.0NRT,293.3,3.1,D
31.06567,76.21775,329,0.36,0.57,2019-10-13,0836,N,nominal,1.0NRT,296.8,2.1,D
30.93548,74.53201,342.8,0.57,0.52,2019-10-13,0836,N,nominal,1.0NRT,301,8.2,D
30.95148,74.54852,335.5,0.57,0.52,2019-10-13,0836,N,nominal,1.0NRT,300.8,6.3,D
30.95095,74.54248,333.9,0.57,0.52,2019-10-13,0836,N,nominal,1.0NRT,301.1,6.3,D
30.94672,74.49436,342.2,0.56,0.52,2019-10-13,0836,N,nominal,1.0NRT,298.8,11.4,D
30.91381,74.12663,335,0.54,0.51,2019-10-13,0836,N,nominal,1.0NRT,299.8,3.1,D
30.85791,73.38564,339.8,0.48,0.48,2019-10-13,0836,N,nominal,1.0NRT,301,4.7,D
30.97072,74.54639,332.2,0.57,0.52,2019-10-13,0836,N,nominal,1.0NRT,299.8,6.4,D
30.97819,74.52123,341.7,0.57,0.52,2019-10-13,0836,N,nominal,1.0NRT,300.9,5.1,D
31.04483,75.22938,341.4,0.63,0.54,2019-10-13,0836,N,nominal,1.0NRT,296.6,8.2,D
30.97746,74.52476,333.1,0.57,0.52,2019-10-13,0836,N,nominal,1.0NRT,300,6.5,D
31.0438,75.22739,340.9,0.63,0.54,2019-10-13,0836,N,nominal,1.0NRT,296.8,8.9,D
30.96107,74.10681,337,0.54,0.51,2019-10-13,0836,N,nominal,1.0NRT,300.8,4.4,D
31.05984,74.98763,339.9,0.61,0.53,2019-10-13,0836,N,nominal,1.0NRT,297.4,5.3,D
31.08446,75.04385,339.3,0.61,0.53,2019-10-13,0836,N,nominal,1.0NRT,297.1,6,D
31.08024,74.31289,343.1,0.55,0.51,2019-10-13,0836,N,nominal,1.0NRT,300,5.8,D
30.97553,72.06555,332.1,0.41,0.45,2019-10-13,0836,N,low,1.0NRT,304.8,2.7,D
31.30898,74.72755,334.9,0.59,0.53,2019-10-13,0836,N,nominal,1.0NRT,297.1,11,D
31.34909,75.02049,340.4,0.61,0.54,2019-10-13,0836,N,nominal,1.0NRT,297.6,12.3,D
31.30706,74.73256,340.6,0.59,0.53,2019-10-13,0836,N,nominal,1.0NRT,298,6.3,D
31.3034,74.62595,331.9,0.58,0.52,2019-10-13,0836,N,nominal,1.0NRT,297.6,5.2,D
31.35016,75.02563,333.5,0.61,0.54,2019-10-13,0836,N,nominal,1.0NRT,296.3,6.7,D
31.34965,75.01907,331.4,0.61,0.54,2019-10-13,0836,N,nominal,1.0NRT,296.2,4.7,D
31.36375,75.07062,331.8,0.62,0.54,2019-10-13,0836,N,nominal,1.0NRT,297.2,4,D
31.33862,74.57845,331.9,0.58,0.52,2019-10-13,0836,N,nominal,1.0NRT,297,8.6,D
31.38318,75.06191,331.1,0.62,0.54,2019-10-13,0836,N,nominal,1.0NRT,298.3,5.9,D
31.39189,75.10768,334.2,0.62,0.54,2019-10-13,0836,N,nominal,1.0NRT,297.9,4.5,D
31.38923,75.0746,344,0.62,0.54,2019-10-13,0836,N,nominal,1.0NRT,299.7,18.8,D
31.41568,75.15222,339.4,0.62,0.54,2019-10-13,0836,N,nominal,1.0NRT,298.2,6.7,D
31.37135,74.61851,341.1,0.58,0.52,2019-10-13,0836,N,nominal,1.0NRT,298.4,5.8,D
31.41268,74.99265,335.4,0.61,0.53,2019-10-13,0836,N,nominal,1.0NRT,297.2,5.8,D
31.42764,74.87346,339.8,0.6,0.53,2019-10-13,0836,N,nominal,1.0NRT,297.1,7,D
31.40424,74.54647,335.7,0.57,0.52,2019-10-13,0836,N,nominal,1.0NRT,296.7,4,D
31.49862,75.60857,329.4,0.33,0.55,2019-10-13,0836,N,nominal,1.0NRT,297.1,2.4,D
31.41831,74.65101,334,0.58,0.52,2019-10-13,0836,N,nominal,1.0NRT,296.8,4.1,D
31.42842,74.87114,342.4,0.6,0.53,2019-10-13,0836,N,nominal,1.0NRT,297.7,7.5,D
31.40229,74.54417,332.9,0.58,0.52,2019-10-13,0836,N,nominal,1.0NRT,297.1,3.4,D
31.48774,75.51511,330,0.33,0.55,2019-10-13,0836,N,nominal,1.0NRT,297.2,1.6,D
31.42053,74.64834,334.5,0.58,0.52,2019-10-13,0836,N,nominal,1.0NRT,297.5,4.8,D
31.4731,75.05712,330.4,0.62,0.54,2019-10-13,0836,N,nominal,1.0NRT,297.6,5.2,D
31.48334,75.12302,337.3,0.62,0.54,2019-10-13,0836,N,nominal,1.0NRT,298,4.8,D
31.51034,75.01991,334,0.61,0.54,2019-10-13,0836,N,nominal,1.0NRT,297.5,5.6,D
31.53465,75.07076,334.2,0.62,0.54,2019-10-13,0836,N,nominal,1.0NRT,298.5,4.8,D
31.53964,75.07024,333.4,0.62,0.54,2019-10-13,0836,N,nominal,1.0NRT,296.8,4.8,D
31.56617,75.26933,338,0.32,0.54,2019-10-13,0836,N,nominal,1.0NRT,296.7,2.8,D
31.54798,75.04929,332,0.62,0.54,2019-10-13,0836,N,nominal,1.0NRT,297.3,5.3,D
31.52274,74.63725,343.8,0.58,0.52,2019-10-13,0836,N,nominal,1.0NRT,297.8,8.1,D
31.53959,75.06894,333.5,0.62,0.54,2019-10-13,0836,N,nominal,1.0NRT,296.9,5.9,D
31.5422,74.84447,330,0.6,0.53,2019-10-13,0836,N,nominal,1.0NRT,296.5,3.9,D
31.52547,74.63519,344.7,0.58,0.52,2019-10-13,0836,N,nominal,1.0NRT,298,8.2,D
31.62102,75.14125,336.8,0.63,0.54,2019-10-13,0836,N,nominal,1.0NRT,297.5,4.3,D
31.63145,75.20827,332.8,0.63,0.54,2019-10-13,0836,N,nominal,1.0NRT,297.8,5.8,D
31.61146,74.66378,337.3,0.59,0.53,2019-10-13,0836,N,nominal,1.0NRT,296.9,5,D
31.72268,74.96934,341.7,0.61,0.54,2019-10-13,0836,N,nominal,1.0NRT,297.9,6.1,D
31.77197,75.26432,337.2,0.32,0.55,2019-10-13,0836,N,nominal,1.0NRT,297.6,2.4,D
31.72384,74.65567,333.5,0.59,0.53,2019-10-13,0836,N,nominal,1.0NRT,296.7,5.8,D
31.78516,74.92831,333.8,0.61,0.54,2019-10-13,0836,N,nominal,1.0NRT,298,3.6,D
31.79675,74.58437,343,0.58,0.52,2019-10-13,0836,N,nominal,1.0NRT,297.8,6.3,D
28.50771,54.41097,342.4,0.46,0.63,2019-10-13,0836,N,nominal,1.0NRT,310.8,3.7,D
31.80412,74.40023,331.9,0.57,0.52,2019-10-13,0836,N,nominal,1.0NRT,297.5,3.9,D
28.50668,54.41217,338.6,0.46,0.63,2019-10-13,0836,N,low,1.0NRT,310.4,3.9,D
31.84435,74.24305,333.9,0.56,0.51,2019-10-13,0836,N,nominal,1.0NRT,298.2,2.5,D
31.95812,75.33705,335,0.32,0.55,2019-10-13,0836,N,nominal,1.0NRT,296.4,2.2,D
31.97677,75.12187,332.2,0.63,0.54,2019-10-13,0836,N,nominal,1.0NRT,296.1,6.3,D
31.89421,74.15324,331.4,0.55,0.51,2019-10-13,0836,N,nominal,1.0NRT,299,3.4,D
31.54851,70.68503,333.1,0.53,0.42,2019-10-13,0836,N,nominal,1.0NRT,306.8,2.6,D
31.89472,74.15129,330.7,0.55,0.51,2019-10-13,0836,N,nominal,1.0NRT,298.8,3.7,D
31.92029,73.62868,332.6,0.51,0.5,2019-10-13,0836,N,nominal,1.0NRT,299.3,3.8,D
31.93464,73.58247,332.5,0.51,0.49,2019-10-13,0836,N,nominal,1.0NRT,298.5,4.5,D
31.9622,73.83301,333.1,0.53,0.5,2019-10-13,0836,N,nominal,1.0NRT,299.3,2.6,D
31.72449,70.81132,333.4,0.54,0.42,2019-10-13,0836,N,low,1.0NRT,304,4.5,D
32.13909,73.59869,339.3,0.52,0.5,2019-10-13,0836,N,nominal,1.0NRT,299.6,5,D
32.2087,73.9376,333.1,0.54,0.51,2019-10-13,0836,N,nominal,1.0NRT,300.3,3.4,D
32.25715,73.78641,332.4,0.53,0.5,2019-10-13,0836,N,nominal,1.0NRT,299,2.5,D
32.28617,73.79462,337.7,0.53,0.5,2019-10-13,0836,N,nominal,1.0NRT,299.1,2.6,D
33.2014,71.85255,347.2,0.42,0.45,2019-10-13,0836,N,nominal,1.0NRT,307.9,8.2,D
33.20562,71.85203,355.1,0.42,0.45,2019-10-13,0836,N,nominal,1.0NRT,307,15,D
34.81322,70.82734,341.2,0.39,0.44,2019-10-13,0836,N,nominal,1.0NRT,301.9,33.8,D
36.46627,60.86097,335.9,0.44,0.39,2019-10-13,0842,N,nominal,1.0NRT,304.5,1.8,D
36.12622,58.68269,341.5,0.55,0.43,2019-10-13,0842,N,nominal,1.0NRT,306.2,6.1,D
36.26196,59.2413,330.4,0.52,0.41,2019-10-13,0842,N,nominal,1.0NRT,299.5,2.5,D
36.26093,59.23606,331.6,0.52,0.41,2019-10-13,0842,N,nominal,1.0NRT,304.5,2.5,D
36.1703,58.61797,334.9,0.55,0.43,2019-10-13,0842,N,nominal,1.0NRT,308.9,3.6,D
37.42323,62.31134,331.7,0.4,0.37,2019-10-13,0842,N,nominal,1.0NRT,303.1,1.5,D
37.43694,61.25984,348.4,0.42,0.38,2019-10-13,0842,N,nominal,1.0NRT,301.1,6.7,D
37.59285,61.5305,339.9,0.41,0.37,2019-10-13,0842,N,nominal,1.0NRT,306.4,2.2,D
37.79707,62.55106,340.7,0.39,0.36,2019-10-13,0842,N,nominal,1.0NRT,309.8,2.7,D
38.57555,65.82153,337.5,0.41,0.37,2019-10-13,0842,N,nominal,1.0NRT,305,2.9,D
38.09209,61.98348,335.8,0.4,0.37,2019-10-13,0842,N,nominal,1.0NRT,305.4,2.8,D
38.8729,63.79921,331.5,0.38,0.36,2019-10-13,0842,N,nominal,1.0NRT,304.7,2.1,D
18.32132,55.1055,335.7,0.48,0.65,2019-10-13,1018,N,nominal,1.0NRT,305.2,2.6,D
19.3754,56.15151,348.9,0.58,0.7,2019-10-13,1018,N,nominal,1.0NRT,303,4.4,D
19.37556,56.15507,343.3,0.58,0.7,2019-10-13,1018,N,nominal,1.0NRT,302.9,6.2,D
21.94476,56.03577,336.4,0.61,0.71,2019-10-13,1018,N,nominal,1.0NRT,303.6,2.8,D
22.40122,56.98761,343.9,0.7,0.75,2019-10-13,1018,N,nominal,1.0NRT,300.4,3.5,D
23.15332,55.45059,337,0.57,0.69,2019-10-13,1018,N,nominal,1.0NRT,306.8,3.7,D
23.15289,55.44484,342.8,0.57,0.69,2019-10-13,1018,N,nominal,1.0NRT,307,3.7,D
27.15998,56.10007,330.1,0.68,0.74,2019-10-13,1018,N,nominal,1.0NRT,296.4,1.9,D
27.1705,56.05352,348.3,0.68,0.74,2019-10-13,1018,N,nominal,1.0NRT,296.3,4.7,D
25.66702,100.33206,297.1,0.41,0.45,2019-10-13,1924,N,nominal,1.0NRT,286.7,1.2,N
25.66624,100.33604,309.7,0.41,0.45,2019-10-13,1924,N,nominal,1.0NRT,288.3,1.2,N
25.8003,99.1021,296.7,0.52,0.42,2019-10-13,1924,N,nominal,1.0NRT,283.5,1.4,N
25.79562,99.10598,305.8,0.52,0.42,2019-10-13,1924,N,nominal,1.0NRT,284.3,2.2,N
25.61897,99.09653,296.8,0.53,0.42,2019-10-13,1924,N,nominal,1.0NRT,284,0.9,N
25.38134,99.31169,299.1,0.55,0.42,2019-10-13,1924,N,nominal,1.0NRT,285.8,1.2,N
25.38087,99.31026,300.3,0.55,0.42,2019-10-13,1924,N,nominal,1.0NRT,285.7,1.1,N
25.37844,98.46595,295.3,0.49,0.41,2019-10-13,1924,N,nominal,1.0NRT,283.9,0.6,N
25.075,99.28384,296.3,0.55,0.43,2019-10-13,1924,N,nominal,1.0NRT,286,0.7,N
25.07109,99.2832,300.4,0.55,0.43,2019-10-13,1924,N,nominal,1.0NRT,285.7,0.7,N
24.92659,99.08707,306.9,0.54,0.42,2019-10-13,1924,N,nominal,1.0NRT,288.3,1.6,N
24.61162,99.72188,303.9,0.39,0.44,2019-10-13,1924,N,nominal,1.0NRT,286.7,1.4,N
24.78769,98.24941,299.5,0.49,0.4,2019-10-13,1924,N,nominal,1.0NRT,288.1,1,N
24.43878,98.49557,301.7,0.51,0.41,2019-10-13,1924,N,nominal,1.0NRT,290,1.1,N
24.43899,98.4938,301.2,0.51,0.41,2019-10-13,1924,N,nominal,1.0NRT,289.6,1.2,N
24.54166,97.73987,301.9,0.47,0.4,2019-10-13,1924,N,nominal,1.0NRT,290.3,1.1,N
24.90919,91.82967,309.1,0.42,0.38,2019-10-13,1924,N,nominal,1.0NRT,296,1.3,N
23.34586,99.41142,296.9,0.4,0.44,2019-10-13,1924,N,nominal,1.0NRT,286.5,1.3,N
23.80405,87.04246,308.5,0.48,0.48,2019-10-13,1924,N,nominal,1.0NRT,295.4,2.6,N
23.78614,87.08276,309.2,0.47,0.48,2019-10-13,1924,N,nominal,1.0NRT,294.4,1.9,N
23.80299,86.32523,306.2,0.53,0.5,2019-10-13,1924,N,nominal,1.0NRT,295.3,2.6,N
23.79555,86.35068,312.4,0.53,0.5,2019-10-13,1924,N,nominal,1.0NRT,294.8,2.6,N
23.78182,86.39123,324.8,0.52,0.5,2019-10-13,1924,N,nominal,1.0NRT,295.3,3.9,N
23.78127,86.39637,331.1,0.52,0.5,2019-10-13,1924,N,nominal,1.0NRT,295.5,3.9,N
23.77721,86.39059,330.1,0.52,0.5,2019-10-13,1924,N,nominal,1.0NRT,296.7,2.5,N
23.79337,86.23843,303.6,0.53,0.5,2019-10-13,1924,N,nominal,1.0NRT,293.1,1.4,N
23.78612,86.30686,306.1,0.53,0.5,2019-10-13,1924,N,nominal,1.0NRT,295.9,2.6,N
23.78278,86.33831,305.9,0.53,0.5,2019-10-13,1924,N,nominal,1.0NRT,294.4,1.3,N
23.78222,86.34357,307.8,0.53,0.5,2019-10-13,1924,N,nominal,1.0NRT,295.2,1.3,N
23.77666,86.39572,314.1,0.52,0.5,2019-10-13,1924,N,nominal,1.0NRT,295.5,2.5,N
24.12587,82.61387,307.6,0.46,0.63,2019-10-13,1924,N,nominal,1.0NRT,290.2,1.1,N
23.77759,86.34291,305.6,0.53,0.5,2019-10-13,1924,N,nominal,1.0NRT,292.7,1.3,N
23.77536,86.36386,304,0.52,0.5,2019-10-13,1924,N,nominal,1.0NRT,293.2,1,N
23.77259,86.3899,308.6,0.52,0.5,2019-10-13,1924,N,nominal,1.0NRT,295.5,2.5,N
23.77205,86.39507,306.1,0.52,0.5,2019-10-13,1924,N,nominal,1.0NRT,295.4,2.5,N
23.69304,87.12016,308.6,0.47,0.48,2019-10-13,1924,N,nominal,1.0NRT,294.6,2.8,N
23.69251,87.12482,311.4,0.47,0.48,2019-10-13,1924,N,nominal,1.0NRT,294.5,1.6,N
23.76798,86.38925,305.8,0.52,0.5,2019-10-13,1924,N,nominal,1.0NRT,294.1,1.5,N
23.76743,86.39441,309.7,0.52,0.5,2019-10-13,1924,N,nominal,1.0NRT,296.3,1.5,N
23.69069,87.10101,311.3,0.47,0.48,2019-10-13,1924,N,nominal,1.0NRT,294.6,2.1,N
23.76281,86.39377,309.1,0.52,0.5,2019-10-13,1924,N,nominal,1.0NRT,295.1,1.5,N
23.75765,86.39832,305.8,0.52,0.5,2019-10-13,1924,N,nominal,1.0NRT,294.2,2.5,N
23.75084,86.41848,344.4,0.52,0.5,2019-10-13,1924,N,nominal,1.0NRT,296.1,8.7,N
23.8877,85.00642,310.3,0.32,0.55,2019-10-13,1924,N,nominal,1.0NRT,291,1.6,N
23.8874,85.00954,309.5,0.32,0.55,2019-10-13,1924,N,nominal,1.0NRT,291.1,1.3,N
23.7457,86.42297,307.7,0.52,0.5,2019-10-13,1924,N,nominal,1.0NRT,292.7,2.4,N
23.72512,86.44106,335.3,0.52,0.5,2019-10-13,1924,N,nominal,1.0NRT,296.9,4,N
23.76697,86.03337,302.2,0.55,0.51,2019-10-13,1924,N,nominal,1.0NRT,291.9,1.1,N
23.76641,86.03896,306.3,0.55,0.51,2019-10-13,1924,N,nominal,1.0NRT,293.6,1.1,N
23.72052,86.44044,316,0.52,0.5,2019-10-13,1924,N,nominal,1.0NRT,294.4,4,N
23.71999,86.4456,308.3,0.52,0.5,2019-10-13,1924,N,nominal,1.0NRT,295,4,N
23.72571,86.44542,322.6,0.52,0.5,2019-10-13,1924,N,nominal,1.0NRT,294.7,2.8,N
23.72628,86.44026,312.8,0.52,0.5,2019-10-13,1924,N,nominal,1.0NRT,294.8,2.8,N
23.72168,86.43964,322.2,0.52,0.5,2019-10-13,1924,N,nominal,1.0NRT,295.1,2.4,N
23.76573,86.03824,307.8,0.55,0.51,2019-10-13,1924,N,nominal,1.0NRT,293.8,1.9,N
23.72111,86.44479,315.6,0.52,0.5,2019-10-13,1924,N,nominal,1.0NRT,295.4,2.4,N
23.71651,86.44417,305,0.52,0.5,2019-10-13,1924,N,nominal,1.0NRT,293.9,2.4,N
23.75609,85.85799,310.9,0.56,0.52,2019-10-13,1924,N,nominal,1.0NRT,293.9,3,N
23.75132,85.85728,319.9,0.56,0.52,2019-10-13,1924,N,nominal,1.0NRT,296.5,3,N
23.60507,87.1535,304.9,0.47,0.47,2019-10-13,1924,N,nominal,1.0NRT,293.6,0.9,N
23.82801,84.95448,300.1,0.32,0.55,2019-10-13,1924,N,nominal,1.0NRT,289.2,0.4,N
23.67958,86.39733,305.2,0.52,0.5,2019-10-13,1924,N,nominal,1.0NRT,293.6,1.7,N
23.70448,86.07431,327.9,0.55,0.51,2019-10-13,1924,N,nominal,1.0NRT,291.7,4.1,N
23.61394,86.79002,305,0.49,0.49,2019-10-13,1924,N,nominal,1.0NRT,293.5,0.9,N
23.80746,84.84738,303.7,0.33,0.55,2019-10-13,1924,N,nominal,1.0NRT,290.4,0.8,N
23.68338,86.09357,308.1,0.54,0.51,2019-10-13,1924,N,nominal,1.0NRT,293.3,3.2,N
23.55976,87.24026,305.4,0.46,0.47,2019-10-13,1924,N,nominal,1.0NRT,293.7,2.2,N
23.55053,87.24361,318.5,0.46,0.47,2019-10-13,1924,N,nominal,1.0NRT,294.9,2.3,N
23.55003,87.24816,309.8,0.46,0.47,2019-10-13,1924,N,nominal,1.0NRT,294.5,2,N
23.73636,85.01234,310.4,0.32,0.54,2019-10-13,1924,N,nominal,1.0NRT,291.9,1.2,N
23.73605,85.01544,309.2,0.32,0.54,2019-10-13,1924,N,nominal,1.0NRT,292.8,1.1,N
23.73574,85.01855,304.8,0.32,0.54,2019-10-13,1924,N,nominal,1.0NRT,290.4,1.1,N
23.709,85.28339,305.4,0.61,0.54,2019-10-13,1924,N,nominal,1.0NRT,290.2,1.4,N
23.48273,87.36329,304.8,0.45,0.47,2019-10-13,1924,N,nominal,1.0NRT,294.6,1.4,N
23.73162,85.0086,308.2,0.32,0.54,2019-10-13,1924,N,nominal,1.0NRT,291.1,1.2,N
23.73007,85.02418,300.5,0.32,0.54,2019-10-13,1924,N,nominal,1.0NRT,290.4,1,N
23.72658,85.00795,314.4,0.32,0.54,2019-10-13,1924,N,nominal,1.0NRT,291,0.8,N
23.72153,85.00728,305.2,0.32,0.54,2019-10-13,1924,N,nominal,1.0NRT,290.2,0.8,N
23.54713,86.54771,303.4,0.51,0.49,2019-10-13,1924,N,nominal,1.0NRT,292.9,0.9,N
23.60908,85.68282,305.3,0.58,0.52,2019-10-13,1924,N,nominal,1.0NRT,292.1,0.9,N
23.66629,84.99721,303.4,0.32,0.54,2019-10-13,1924,N,nominal,1.0NRT,290,0.6,N
21.87839,96.22727,306.5,0.44,0.38,2019-10-13,1924,N,nominal,1.0NRT,292.1,1.3,N
22.47448,91.73385,329.5,0.41,0.37,2019-10-13,1924,N,nominal,1.0NRT,294.9,2.6,N
23.36033,83.22532,302.6,0.41,0.61,2019-10-13,1924,N,nominal,1.0NRT,290.7,0.8,N
21.57565,96.23643,309.6,0.44,0.38,2019-10-13,1924,N,nominal,1.0NRT,292.8,1.6,N
22.85492,86.05599,303.6,0.53,0.5,2019-10-13,1924,N,nominal,1.0NRT,292.9,0.8,N
22.79649,86.20654,348.8,0.52,0.5,2019-10-13,1924,N,nominal,1.0NRT,294.8,5.6,N
22.79702,86.20146,306.8,0.52,0.5,2019-10-13,1924,N,nominal,1.0NRT,294.2,5.6,N
22.7924,86.20088,322.5,0.52,0.5,2019-10-13,1924,N,nominal,1.0NRT,294.9,2.1,N
22.79132,86.21113,304.4,0.52,0.5,2019-10-13,1924,N,nominal,1.0NRT,293.8,1.4,N
22.79921,86.09121,309.9,0.53,0.5,2019-10-13,1924,N,nominal,1.0NRT,293.9,2.1,N
22.78778,86.20029,310.5,0.52,0.5,2019-10-13,1924,N,nominal,1.0NRT,295,2.1,N
22.78723,86.20547,306.2,0.52,0.5,2019-10-13,1924,N,nominal,1.0NRT,294.8,2.1,N
22.78261,86.20488,305.7,0.52,0.5,2019-10-13,1924,N,nominal,1.0NRT,294.5,1.7,N
22.79774,86.20524,339,0.52,0.5,2019-10-13,1924,N,nominal,1.0NRT,295.3,12.8,N
22.79369,86.1996,317.3,0.52,0.5,2019-10-13,1924,N,nominal,1.0NRT,294.4,3.3,N
22.78907,86.199,322.9,0.52,0.5,2019-10-13,1924,N,nominal,1.0NRT,296.1,3.6,N
22.80128,86.09016,308.1,0.53,0.5,2019-10-13,1924,N,nominal,1.0NRT,294.1,2.2,N
22.78849,86.20418,309.4,0.52,0.5,2019-10-13,1924,N,nominal,1.0NRT,294.9,2.1,N
22.78387,86.2036,307.2,0.52,0.5,2019-10-13,1924,N,nominal,1.0NRT,294.4,2.1,N
22.59012,85.90429,308.5,0.54,0.51,2019-10-13,1924,N,nominal,1.0NRT,293.6,1.3,N
22.37588,87.2806,305.5,0.44,0.46,2019-10-13,1924,N,nominal,1.0NRT,290.1,1.5,N
22.35726,87.29121,308.2,0.44,0.46,2019-10-13,1924,N,nominal,1.0NRT,291.6,1.5,N
22.36568,87.0178,302.5,0.46,0.47,2019-10-13,1924,N,nominal,1.0NRT,288.4,0.7,N
20.86717,96.39235,303.2,0.45,0.39,2019-10-13,1924,N,nominal,1.0NRT,284.8,0.7,N
22.0576,88.12554,306.3,0.39,0.44,2019-10-13,1924,N,nominal,1.0NRT,291.9,1.5,N
22.05356,88.12495,323.1,0.39,0.44,2019-10-13,1924,N,nominal,1.0NRT,294.1,1.5,N
22.05228,88.10148,305.6,0.39,0.44,2019-10-13,1924,N,nominal,1.0NRT,291.1,0.3,N
22.21282,84.84234,321.4,0.63,0.54,2019-10-13,1924,N,nominal,1.0NRT,292,4.2,N
22.21033,84.86709,311.4,0.62,0.54,2019-10-13,1924,N,nominal,1.0NRT,292.4,3.6,N
22.33539,82.65812,302.7,0.43,0.62,2019-10-13,1924,N,nominal,1.0NRT,290.6,0.7,N
22.33443,82.53533,302,0.44,0.62,2019-10-13,1924,N,nominal,1.0NRT,290.1,0.5,N
22.05258,85.46752,302.3,0.57,0.52,2019-10-13,1924,N,nominal,1.0NRT,290.3,0.6,N
22.32862,82.5346,317.8,0.44,0.62,2019-10-13,1924,N,nominal,1.0NRT,291.2,2.6,N
21.96733,85.31421,302.3,0.58,0.52,2019-10-13,1924,N,nominal,1.0NRT,290.1,1.2,N
21.93036,85.22223,305.5,0.59,0.53,2019-10-13,1924,N,nominal,1.0NRT,290.7,1.1,N
21.98438,83.23148,308,0.39,0.6,2019-10-13,1924,N,nominal,1.0NRT,290.9,1.4,N
22.00724,82.67001,301.8,0.43,0.62,2019-10-13,1924,N,nominal,1.0NRT,289.5,0.6,N
22.0015,82.6693,310.6,0.43,0.62,2019-10-13,1924,N,nominal,1.0NRT,290.6,1.7,N
21.92422,83.3381,310.9,0.39,0.59,2019-10-13,1924,N,nominal,1.0NRT,290.6,1.8,N
21.92316,83.34966,313.4,0.39,0.59,2019-10-13,1924,N,nominal,1.0NRT,292.5,2.2,N
21.91767,83.34899,303,0.39,0.59,2019-10-13,1924,N,nominal,1.0NRT,290,0.9,N
21.91731,83.35281,306.1,0.39,0.59,2019-10-13,1924,N,nominal,1.0NRT,291.3,0.9,N
21.92427,83.34013,316.1,0.39,0.59,2019-10-13,1924,N,nominal,1.0NRT,291.8,2.1,N
21.92314,83.35163,313,0.39,0.59,2019-10-13,1924,N,nominal,1.0NRT,292.7,1.7,N
21.91764,83.35098,311.3,0.39,0.59,2019-10-13,1924,N,nominal,1.0NRT,290.8,1.7,N
21.88085,83.55609,306.6,0.38,0.58,2019-10-13,1924,N,nominal,1.0NRT,290.9,0.8,N
21.87544,83.55533,306.5,0.38,0.58,2019-10-13,1924,N,nominal,1.0NRT,290.3,0.8,N
21.77057,84.01939,304.4,0.35,0.57,2019-10-13,1924,N,nominal,1.0NRT,292.3,1.2,N
21.76531,84.01877,317.3,0.35,0.57,2019-10-13,1924,N,nominal,1.0NRT,293.4,1.2,N
21.75413,84.02441,305.8,0.35,0.57,2019-10-13,1924,N,nominal,1.0NRT,292.3,1.4,N
21.76056,83.84517,309.6,0.36,0.57,2019-10-13,1924,N,nominal,1.0NRT,291.7,0.9,N
21.74992,83.84396,302.3,0.36,0.57,2019-10-13,1924,N,nominal,1.0NRT,291.6,0.8,N
21.76181,83.84572,305.5,0.36,0.57,2019-10-13,1924,N,nominal,1.0NRT,291.6,0.7,N
21.74584,83.84397,305.9,0.36,0.57,2019-10-13,1924,N,nominal,1.0NRT,291.4,0.7,N
21.6782,84.03962,315.3,0.35,0.57,2019-10-13,1924,N,nominal,1.0NRT,291.8,2.3,N
21.67349,82.0803,310.7,0.46,0.64,2019-10-13,1924,N,nominal,1.0NRT,290.1,1.7,N
21.48465,81.76854,303.6,0.48,0.65,2019-10-13,1924,N,nominal,1.0NRT,288.6,0.5,N
21.07953,85.03709,304.4,0.59,0.53,2019-10-13,1924,N,nominal,1.0NRT,286.9,1.5,N
21.39065,81.64571,305,0.49,0.65,2019-10-13,1924,N,nominal,1.0NRT,288.8,1.4,N
21.37553,81.67867,308,0.49,0.65,2019-10-13,1924,N,nominal,1.0NRT,288.6,1.7,N
21.36339,81.67747,305.2,0.49,0.65,2019-10-13,1924,N,nominal,1.0NRT,288.5,1.2,N
20.97524,85.14993,306.4,0.58,0.52,2019-10-13,1924,N,nominal,1.0NRT,286.8,1.2,N
20.96244,85.17695,323.5,0.58,0.52,2019-10-13,1924,N,nominal,1.0NRT,286.3,2.7,N
20.96307,85.17133,307.7,0.58,0.52,2019-10-13,1924,N,nominal,1.0NRT,285.6,2.7,N
20.96183,85.18253,301.4,0.58,0.52,2019-10-13,1924,N,nominal,1.0NRT,283.3,0.7,N
20.96121,85.18809,303.1,0.57,0.52,2019-10-13,1924,N,nominal,1.0NRT,284.3,0.7,N
20.95762,85.17636,311.9,0.58,0.52,2019-10-13,1924,N,nominal,1.0NRT,284.8,2.5,N
20.957,85.18195,311.2,0.58,0.52,2019-10-13,1924,N,nominal,1.0NRT,285.1,1.3,N
21.3086,81.59135,303,0.49,0.65,2019-10-13,1924,N,nominal,1.0NRT,288.7,0.6,N
20.96897,85.02831,303.2,0.59,0.53,2019-10-13,1924,N,nominal,1.0NRT,287.1,1.1,N
20.95837,85.12506,301.4,0.58,0.52,2019-10-13,1924,N,nominal,1.0NRT,285.7,0.9,N
20.88474,84.98323,302.5,0.59,0.53,2019-10-13,1924,N,nominal,1.0NRT,288,1.3,N
21.19621,81.39739,330.3,0.51,0.66,2019-10-13,1924,N,nominal,1.0NRT,289.2,3.5,N
21.19091,81.38673,312.8,0.51,0.66,2019-10-13,1924,N,nominal,1.0NRT,289.6,3.3,N
21.19048,81.39176,302.5,0.51,0.66,2019-10-13,1924,N,nominal,1.0NRT,289.6,1.6,N
20.79417,85.25475,309.3,0.57,0.52,2019-10-13,1924,N,nominal,1.0NRT,286.6,3.8,N
20.24087,86.60645,307,0.46,0.47,2019-10-13,1924,N,nominal,1.0NRT,282.1,1,N
20.12984,79.02334,306.7,0.7,0.75,2019-10-13,1924,N,nominal,1.0NRT,284.3,1.2,N
19.92176,79.1138,301.1,0.69,0.74,2019-10-13,1924,N,nominal,1.0NRT,283.6,0.7,N
18.26892,83.54309,305,0.34,0.56,2019-10-13,1924,N,nominal,1.0NRT,288.1,0.5,N
17.61063,83.20455,306.6,0.35,0.57,2019-10-13,1924,N,nominal,1.0NRT,287.7,0.9,N
14.73791,101.03896,300.6,0.36,0.57,2019-10-13,1924,N,nominal,1.0NRT,283.5,0.3,N
14.64616,101.04094,306.4,0.36,0.57,2019-10-13,1924,N,nominal,1.0NRT,283.2,1.5,N
14.67775,100.85438,301.2,0.35,0.57,2019-10-13,1924,N,nominal,1.0NRT,282.1,1.1,N
14.63384,101.07532,306.9,0.36,0.58,2019-10-13,1924,N,nominal,1.0NRT,283.5,1,N
14.63316,101.07871,303.1,0.36,0.58,2019-10-13,1924,N,nominal,1.0NRT,283.1,1,N
14.57026,100.76655,305,0.35,0.57,2019-10-13,1924,N,nominal,1.0NRT,283.2,0.6,N
13.42133,80.08851,305.6,0.5,0.66,2019-10-13,1924,N,nominal,1.0NRT,288.8,1.4,N
11.30606,79.80695,306,0.49,0.65,2019-10-13,1924,N,nominal,1.0NRT,287.9,0.8,N
11.30579,79.80602,304.5,0.49,0.65,2019-10-13,1924,N,nominal,1.0NRT,287.2,0.8,N
39.86127,98.25466,302.2,0.38,0.36,2019-10-13,1918,N,nominal,1.0NRT,276.9,1,N
39.85197,98.27077,304.6,0.38,0.36,2019-10-13,1918,N,nominal,1.0NRT,274.4,1.1,N
39.84938,98.26546,305.8,0.38,0.36,2019-10-13,1918,N,nominal,1.0NRT,273.8,1.7,N
39.84869,98.26992,318,0.38,0.36,2019-10-13,1918,N,nominal,1.0NRT,275.3,1.7,N
39.84473,98.27352,315.5,0.38,0.36,2019-10-13,1918,N,nominal,1.0NRT,274.2,1.1,N
39.84404,98.27797,304.6,0.38,0.36,2019-10-13,1918,N,nominal,1.0NRT,274.4,1.1,N
39.84172,98.27528,330.1,0.38,0.36,2019-10-13,1918,N,nominal,1.0NRT,274.4,2.8,N
39.81137,98.29513,320.9,0.38,0.36,2019-10-13,1918,N,nominal,1.0NRT,279.9,2.8,N
38.85223,85.3008,313.1,0.43,0.62,2019-10-13,1918,N,nominal,1.0NRT,278.6,1.5,N
37.34788,97.408,299.8,0.38,0.36,2019-10-13,1918,N,nominal,1.0NRT,274.6,1.5,N
37.01034,98.81307,301.7,0.39,0.36,2019-10-13,1918,N,nominal,1.0NRT,275.4,1.7,N
35.98998,94.82971,302.6,0.42,0.37,2019-10-13,1918,N,nominal,1.0NRT,272,1.1,N
29.26454,91.92806,303.3,0.46,0.39,2019-10-13,1918,N,nominal,1.0NRT,281.7,1.5,N
26.60712,101.6043,304.3,0.46,0.47,2019-10-13,1918,N,nominal,1.0NRT,288.4,1.1,N
26.57804,101.7004,301.4,0.47,0.48,2019-10-13,1918,N,nominal,1.0NRT,289.1,1.3,N
26.57622,101.66557,330.9,0.47,0.48,2019-10-13,1918,N,nominal,1.0NRT,290.2,3.2,N
26.62067,101.45226,299.2,0.46,0.47,2019-10-13,1918,N,nominal,1.0NRT,288.1,0.8,N
26.57533,101.66985,312.6,0.47,0.48,2019-10-13,1918,N,nominal,1.0NRT,289.9,3.2,N
26.57003,101.67345,302.2,0.47,0.48,2019-10-13,1918,N,nominal,1.0NRT,290.9,1.5,N
26.5666,101.66811,305.2,0.47,0.48,2019-10-13,1918,N,nominal,1.0NRT,290.2,3,N
26.56564,101.67269,314.2,0.47,0.48,2019-10-13,1918,N,nominal,1.0NRT,291,1.5,N
26.5647,101.67717,304.3,0.47,0.48,2019-10-13,1918,N,nominal,1.0NRT,290.8,1.5,N
26.55937,101.68089,301.7,0.47,0.48,2019-10-13,1918,N,nominal,1.0NRT,289.5,1.1,N
27.55897,96.03951,316.4,0.39,0.36,2019-10-13,1918,N,nominal,1.0NRT,291.7,1.3,N
26.38054,101.97483,299.7,0.49,0.49,2019-10-13,1918,N,nominal,1.0NRT,287.2,0.7,N
27.56336,95.36282,305.2,0.39,0.36,2019-10-13,1918,N,nominal,1.0NRT,292.4,0.3,N
27.53673,95.40146,303.7,0.39,0.36,2019-10-13,1918,N,nominal,1.0NRT,292.4,0.4,N
27.53343,95.40079,302.9,0.39,0.36,2019-10-13,1918,N,nominal,1.0NRT,292.6,0.4,N
26.66916,100.19538,302.6,0.39,0.44,2019-10-13,1918,N,nominal,1.0NRT,285.6,0.6,N
27.46893,95.42496,309.2,0.39,0.36,2019-10-13,1918,N,nominal,1.0NRT,293.1,0.5,N
27.46084,95.47543,309,0.39,0.36,2019-10-13,1918,N,nominal,1.0NRT,292.9,0.5,N
27.36941,94.89499,310.9,0.38,0.36,2019-10-13,1918,N,nominal,1.0NRT,292,1,N
27.26543,95.12643,303.4,0.38,0.36,2019-10-13,1918,N,nominal,1.0NRT,292.1,0.3,N
22.32556,82.68607,306.1,0.7,0.75,2019-10-13,2106,N,nominal,1.0NRT,289.3,1.5,N
22.33615,82.6162,305.5,0.69,0.74,2019-10-13,2106,N,nominal,1.0NRT,289.1,1.6,N
22.33447,82.62279,305,0.69,0.75,2019-10-13,2106,N,nominal,1.0NRT,289,1.6,N
22.33116,82.60742,311.7,0.69,0.74,2019-10-13,2106,N,nominal,1.0NRT,289.5,3.7,N
22.32759,82.68082,301.6,0.7,0.75,2019-10-13,2106,N,nominal,1.0NRT,289.1,1.2,N
22.32584,82.68786,302.2,0.7,0.75,2019-10-13,2106,N,nominal,1.0NRT,288.8,1.2,N
22.33607,82.61766,309.5,0.69,0.75,2019-10-13,2106,N,nominal,1.0NRT,289.3,2.3,N
22.33442,82.6243,303,0.69,0.75,2019-10-13,2106,N,nominal,1.0NRT,289,1.8,N
22.33268,82.60224,305.4,0.69,0.74,2019-10-13,2106,N,nominal,1.0NRT,289.6,2.6,N
22.33104,82.60883,306.4,0.69,0.74,2019-10-13,2106,N,nominal,1.0NRT,289,2.3,N
21.92358,83.34338,305.3,0.78,0.78,2019-10-13,2106,N,nominal,1.0NRT,288.1,2.1,N
21.9216,83.35097,306.3,0.78,0.78,2019-10-13,2106,N,nominal,1.0NRT,288.4,2.1,N
21.91931,83.35286,307.4,0.78,0.78,2019-10-13,2106,N,nominal,1.0NRT,288.7,2.1,N
22.00413,82.66914,302.5,0.71,0.75,2019-10-13,2106,N,nominal,1.0NRT,288.2,1.8,N
25.13903,66.91386,315.1,0.41,0.37,2019-10-13,2106,N,nominal,1.0NRT,297.9,1.9,N
25.05165,67.49501,314.7,0.4,0.37,2019-10-13,2106,N,nominal,1.0NRT,297.7,1.9,N
22.00351,82.67357,303.5,0.71,0.75,2019-10-13,2106,N,nominal,1.0NRT,288.5,1.9,N
24.88934,67.47963,304.8,0.4,0.37,2019-10-13,2106,N,nominal,1.0NRT,293.3,0.7,N
24.86933,67.45195,320.4,0.4,0.37,2019-10-13,2106,N,nominal,1.0NRT,292.9,1.9,N
24.80658,67.35332,306.3,0.4,0.37,2019-10-13,2106,N,nominal,1.0NRT,295.1,1.1,N
25.90487,54.53417,321.7,0.7,0.75,2019-10-13,2106,N,nominal,1.0NRT,293.7,2.3,N
25.90525,54.52697,308,0.7,0.75,2019-10-13,2106,N,nominal,1.0NRT,293,2.3,N
25.89789,54.53349,309.6,0.7,0.75,2019-10-13,2106,N,nominal,1.0NRT,293.4,3.3,N
21.67391,82.08643,300.4,0.67,0.73,2019-10-13,2106,N,nominal,1.0NRT,285.8,1.4,N
24.38514,68.89449,302.2,0.38,0.36,2019-10-13,2106,N,nominal,1.0NRT,288.8,0.9,N
24.38184,68.89386,315,0.38,0.36,2019-10-13,2106,N,nominal,1.0NRT,291.9,0.9,N
25.90655,54.53202,315.3,0.7,0.75,2019-10-13,2106,N,nominal,1.0NRT,293.6,3.1,N
25.89956,54.53135,326.2,0.7,0.75,2019-10-13,2106,N,nominal,1.0NRT,293.5,3.1,N
21.67243,82.08289,305.7,0.67,0.73,2019-10-13,2106,N,nominal,1.0NRT,285.8,1.3,N
25.7033,54.29745,310,0.72,0.75,2019-10-13,2106,N,nominal,1.0NRT,294.6,1.3,N
25.59988,54.42368,317.9,0.7,0.75,2019-10-13,2106,N,nominal,1.0NRT,294.7,1.7,N
25.60209,54.42643,308.9,0.7,0.75,2019-10-13,2106,N,nominal,1.0NRT,294.7,2.8,N
21.3754,81.68195,306.6,0.64,0.72,2019-10-13,2106,N,nominal,1.0NRT,287.4,1.8,N
23.30634,70.46857,306.3,0.41,0.37,2019-10-13,2106,N,nominal,1.0NRT,294.9,0.7,N
23.25669,70.26283,305.6,0.41,0.37,2019-10-13,2106,N,nominal,1.0NRT,294.3,0.5,N
23.43085,68.71362,310.1,0.38,0.36,2019-10-13,2106,N,nominal,1.0NRT,296.2,1.1,N
23.10484,70.18872,309.4,0.41,0.37,2019-10-13,2106,N,nominal,1.0NRT,295.5,0.9,N
23.01392,70.10291,308,0.4,0.37,2019-10-13,2106,N,nominal,1.0NRT,294.9,1.2,N
22.93694,69.69752,318.6,0.4,0.37,2019-10-13,2106,N,nominal,1.0NRT,293.8,1.8,N
22.90891,69.70004,316.5,0.4,0.37,2019-10-13,2106,N,nominal,1.0NRT,295.3,1.3,N
22.75866,69.55689,315,0.39,0.37,2019-10-13,2106,N,nominal,1.0NRT,294.9,1.8,N
21.90429,72.75818,320.8,0.53,0.42,2019-10-13,2106,N,nominal,1.0NRT,292.7,1.2,N
22.3347,69.86864,311.9,0.4,0.37,2019-10-13,2106,N,nominal,1.0NRT,299.7,3.6,N
22.41621,69.03873,332.9,0.39,0.36,2019-10-13,2106,N,nominal,1.0NRT,297.1,4,N
23.55295,58.19888,307.7,0.39,0.59,2019-10-13,2106,N,nominal,1.0NRT,295,0.9,N
23.48438,58.27892,306.1,0.39,0.59,2019-10-13,2106,N,nominal,1.0NRT,295,1,N
20.13456,79.01701,301.7,0.46,0.64,2019-10-13,2106,N,nominal,1.0NRT,283.1,0.7,N
21.1084,72.63326,339.3,0.54,0.42,2019-10-13,2106,N,nominal,1.0NRT,292.6,7.2,N
21.10557,72.64879,334,0.54,0.42,2019-10-13,2106,N,nominal,1.0NRT,296.2,7,N
21.10934,72.62811,305.2,0.54,0.42,2019-10-13,2106,N,nominal,1.0NRT,291.3,7.2,N
21.10076,72.65318,333,0.54,0.42,2019-10-13,2106,N,nominal,1.0NRT,295.3,8.1,N
21.10455,72.63245,310.8,0.54,0.42,2019-10-13,2106,N,nominal,1.0NRT,291.8,3.7,N
23.31352,54.17537,304.9,0.7,0.75,2019-10-13,2106,N,nominal,1.0NRT,291.9,1.3,N
23.19109,55.45624,314.4,0.58,0.69,2019-10-13,2106,N,nominal,1.0NRT,294.4,2.8,N
23.19065,55.46209,307.2,0.58,0.69,2019-10-13,2106,N,nominal,1.0NRT,294.5,2,N
23.15256,55.44663,318.8,0.58,0.7,2019-10-13,2106,N,nominal,1.0NRT,294.4,1.8,N
23.15255,55.44607,318.4,0.58,0.69,2019-10-13,2106,N,nominal,1.0NRT,294.7,1.9,N
22.6571,59.4067,306.7,0.32,0.55,2019-10-13,2106,N,nominal,1.0NRT,295.5,0.8,N
22.92792,55.80386,303.6,0.55,0.68,2019-10-13,2106,N,nominal,1.0NRT,292.2,0.6,N
22.40457,56.98553,321.5,0.45,0.63,2019-10-13,2106,N,nominal,1.0NRT,292.8,3.2,N
22.40419,56.99009,337.6,0.45,0.63,2019-10-13,2106,N,nominal,1.0NRT,293.1,3.2,N
22.40581,56.98847,349,0.45,0.63,2019-10-13,2106,N,nominal,1.0NRT,293.9,3,N
22.39994,56.98772,304.5,0.45,0.63,2019-10-13,2106,N,nominal,1.0NRT,291.9,3,N
22.16066,57.04394,305.4,0.45,0.63,2019-10-13,2106,N,nominal,1.0NRT,291,0.6,N
21.94553,56.0312,315.8,0.52,0.66,2019-10-13,2106,N,nominal,1.0NRT,289.9,2.1,N
21.94732,56.0316,302.6,0.52,0.66,2019-10-13,2106,N,nominal,1.0NRT,289.5,0.9,N
21.94114,56.03075,302,0.52,0.66,2019-10-13,2106,N,nominal,1.0NRT,289.4,1.1,N
21.66704,56.65082,309.2,0.47,0.64,2019-10-13,2106,N,nominal,1.0NRT,290.6,1.1,N
21.67056,56.65034,311.7,0.47,0.64,2019-10-13,2106,N,nominal,1.0NRT,290.5,0.8,N
21.66148,56.41068,334.6,0.48,0.65,2019-10-13,2106,N,nominal,1.0NRT,291.2,3,N
21.64138,56.57168,329.1,0.47,0.64,2019-10-13,2106,N,nominal,1.0NRT,290.5,2.4,N
19.57387,71.36244,320.9,0.49,0.4,2019-10-13,2106,N,nominal,1.0NRT,294.7,1.7,N
19.57305,71.36707,309.6,0.49,0.4,2019-10-13,2106,N,nominal,1.0NRT,294.5,0.9,N
19.52693,71.3053,308.8,0.49,0.4,2019-10-13,2106,N,nominal,1.0NRT,294.3,1.4,N
21.44792,56.58855,326.5,0.47,0.64,2019-10-13,2106,N,nominal,1.0NRT,290.8,2.8,N
21.33444,57.80539,318.7,0.39,0.59,2019-10-13,2106,N,nominal,1.0NRT,292.6,1.2,N
21.33191,57.77382,303.5,0.39,0.6,2019-10-13,2106,N,nominal,1.0NRT,292.4,0.5,N
19.33135,72.02162,309.2,0.53,0.42,2019-10-13,2106,N,nominal,1.0NRT,292.9,0.9,N
21.30169,57.79765,332.8,0.39,0.59,2019-10-13,2106,N,nominal,1.0NRT,292.7,1.8,N
21.29799,57.7777,302.5,0.39,0.59,2019-10-13,2106,N,nominal,1.0NRT,292.3,0.2,N
19.3691,71.35589,325,0.49,0.4,2019-10-13,2106,N,nominal,1.0NRT,294,1.9,N
19.34782,71.30364,317.7,0.49,0.4,2019-10-13,2106,N,nominal,1.0NRT,294.1,1,N
19.01252,72.90694,308.3,0.4,0.44,2019-10-13,2106,N,nominal,1.0NRT,291.4,1.4,N
19.28199,71.43533,330.6,0.5,0.41,2019-10-13,2106,N,nominal,1.0NRT,294.1,2.6,N
19.27869,71.42783,309.6,0.5,0.41,2019-10-13,2106,N,nominal,1.0NRT,294.5,1.3,N
20.98463,57.79701,323.8,0.39,0.59,2019-10-13,2106,N,nominal,1.0NRT,293.2,1.7,N
19.17885,70.9454,311,0.47,0.4,2019-10-13,2106,N,nominal,1.0NRT,294.3,0.6,N
21.00261,56.52896,308.2,0.47,0.64,2019-10-13,2106,N,nominal,1.0NRT,290.8,0.9,N
18.70532,72.87348,307.1,0.41,0.45,2019-10-13,2106,N,nominal,1.0NRT,288.6,1.1,N
18.70406,72.34244,318,0.57,0.43,2019-10-13,2106,N,nominal,1.0NRT,290.7,2.3,N
18.5859,71.03207,313.2,0.48,0.4,2019-10-13,2106,N,nominal,1.0NRT,292.7,1,N
18.58671,71.03468,309.8,0.49,0.4,2019-10-13,2106,N,nominal,1.0NRT,292.6,0.7,N
20.55891,56.41969,313.7,0.47,0.64,2019-10-13,2106,N,nominal,1.0NRT,290.2,0.9,N
20.37599,55.93024,301.8,0.5,0.66,2019-10-13,2106,N,nominal,1.0NRT,290.7,1.1,N
20.37557,55.93521,314.3,0.5,0.66,2019-10-13,2106,N,nominal,1.0NRT,290.7,1.1,N
18.14097,72.31449,326.2,0.38,0.44,2019-10-13,2106,N,nominal,1.0NRT,289.4,2.4,N
20.3758,55.93356,324.3,0.5,0.66,2019-10-13,2106,N,nominal,1.0NRT,290.9,1.9,N
19.37391,56.49689,312.8,0.45,0.63,2019-10-13,2106,N,nominal,1.0NRT,291.7,1,N
19.37565,56.49581,303.8,0.45,0.63,2019-10-13,2106,N,nominal,1.0NRT,291.5,1,N
19.37522,56.50019,304.2,0.45,0.63,2019-10-13,2106,N,nominal,1.0NRT,291.6,0.8,N
19.37928,56.14952,326.5,0.48,0.64,2019-10-13,2106,N,nominal,1.0NRT,292.7,13.1,N
19.37884,56.15417,367,0.47,0.64,2019-10-13,2106,N,high,1.0NRT,293.6,13.6,N
19.37285,56.15352,323.7,0.47,0.64,2019-10-13,2106,N,nominal,1.0NRT,292.6,2.9,N
19.26495,56.17909,304.7,0.47,0.64,2019-10-13,2106,N,nominal,1.0NRT,292.1,0.7,N
18.68555,55.50479,323.7,0.51,0.66,2019-10-13,2106,N,nominal,1.0NRT,291.3,1.7,N
18.55852,55.86861,311.1,0.49,0.65,2019-10-13,2106,N,nominal,1.0NRT,291.2,1.1,N
15.17993,77.1041,302.1,0.44,0.62,2019-10-13,2106,N,nominal,1.0NRT,287.1,1.1,N
15.17543,76.65945,310.9,0.41,0.61,2019-10-13,2106,N,nominal,1.0NRT,283.7,1.5,N
15.17465,76.66329,304.3,0.41,0.61,2019-10-13,2106,N,nominal,1.0NRT,284.7,1.2,N
15.13593,76.7107,298.5,0.41,0.61,2019-10-13,2106,N,nominal,1.0NRT,280.7,0.7,N
18.32241,55.10202,321.6,0.54,0.68,2019-10-13,2106,N,nominal,1.0NRT,292.1,2.1,N
18.17185,55.25388,302.7,0.53,0.67,2019-10-13,2106,N,nominal,1.0NRT,291.2,0.7,N
18.03835,54.64182,308.2,0.57,0.69,2019-10-13,2106,N,nominal,1.0NRT,293,0.9,N
18.03187,54.64118,343.1,0.57,0.69,2019-10-13,2106,N,nominal,1.0NRT,293.6,5.1,N
18.03239,54.63557,305.4,0.57,0.69,2019-10-13,2106,N,nominal,1.0NRT,293.2,5,N
13.29007,80.34439,304.6,0.77,0.77,2019-10-13,2106,N,nominal,1.0NRT,285.1,0.5,N
13.28652,80.34525,305.3,0.77,0.77,2019-10-13,2106,N,nominal,1.0NRT,285.5,1.4,N
39.1888,65.28632,299.3,0.45,0.47,2019-10-13,2100,N,nominal,1.0NRT,284.1,1.6,N
38.63453,68.77394,301.3,0.46,0.39,2019-10-13,2100,N,nominal,1.0NRT,284.3,1.3,N
39.05629,63.44359,295.8,0.56,0.51,2019-10-13,2100,N,nominal,1.0NRT,282.8,1,N
38.79787,64.64643,298.5,0.48,0.48,2019-10-13,2100,N,nominal,1.0NRT,283.9,0.8,N
38.62255,66.06779,309.6,0.4,0.45,2019-10-13,2100,N,nominal,1.0NRT,283,0.7,N
38.62483,66.06673,303.8,0.4,0.45,2019-10-13,2100,N,nominal,1.0NRT,282.7,0.7,N
38.48141,66.46825,306.5,0.39,0.44,2019-10-13,2100,N,nominal,1.0NRT,281.6,0.9,N
38.48048,66.46918,301.5,0.38,0.44,2019-10-13,2100,N,nominal,1.0NRT,281.3,0.6,N
38.44715,66.39613,297.5,0.39,0.44,2019-10-13,2100,N,nominal,1.0NRT,281,0.6,N
38.35303,66.3148,298.7,0.39,0.44,2019-10-13,2100,N,nominal,1.0NRT,280.8,0.3,N
37.9651,65.00503,302.2,0.45,0.47,2019-10-13,2100,N,nominal,1.0NRT,283.1,0.7,N
37.39174,69.40323,299.3,0.43,0.38,2019-10-13,2100,N,nominal,1.0NRT,283.5,0.5,N
37.77967,59.21613,355.3,0.46,0.64,2019-10-13,2100,N,nominal,1.0NRT,285,4.5,N
37.77944,59.22154,307.4,0.46,0.64,2019-10-13,2100,N,nominal,1.0NRT,283.1,4.5,N
37.68158,60.45748,295.6,0.39,0.6,2019-10-13,2100,N,nominal,1.0NRT,282.9,0.8,N
37.68257,60.46056,305.7,0.39,0.6,2019-10-13,2100,N,nominal,1.0NRT,283.1,0.7,N
37.45195,57.68435,295,0.56,0.69,2019-10-13,2100,N,nominal,1.0NRT,280.2,0.9,N
35.67466,73.67598,321.1,0.4,0.37,2019-10-13,2100,N,nominal,1.0NRT,279.9,2.3,N
35.96606,68.68554,296.1,0.44,0.38,2019-10-13,2100,N,nominal,1.0NRT,286,0.4,N
35.94947,62.92073,295.3,0.55,0.51,2019-10-13,2100,N,nominal,1.0NRT,283.7,0.7,N
34.81241,70.82764,340.8,0.39,0.36,2019-10-13,2100,N,nominal,1.0NRT,285.9,2.8,N
34.80912,70.82681,299.2,0.39,0.36,2019-10-13,2100,N,nominal,1.0NRT,281.4,2.8,N
33.8493,72.87428,304.9,0.4,0.37,2019-10-13,2100,N,nominal,1.0NRT,291.1,0.4,N
33.82778,72.83067,304.6,0.4,0.37,2019-10-13,2100,N,nominal,1.0NRT,292.1,0.7,N
33.90318,71.91715,303.8,0.39,0.36,2019-10-13,2100,N,nominal,1.0NRT,293.4,1.2,N
35.21846,58.73662,299.4,0.47,0.64,2019-10-13,2100,N,nominal,1.0NRT,281.3,1.1,N
33.68963,72.71501,311.8,0.4,0.37,2019-10-13,2100,N,nominal,1.0NRT,293.8,1,N
33.56818,72.56487,318.9,0.39,0.36,2019-10-13,2100,N,nominal,1.0NRT,291.3,1,N
33.55114,71.55101,308.4,0.38,0.36,2019-10-13,2100,N,nominal,1.0NRT,292.9,0.6,N
33.54456,71.54951,301.5,0.38,0.36,2019-10-13,2100,N,nominal,1.0NRT,291.4,0.8,N
33.25717,71.3062,329.3,0.38,0.36,2019-10-13,2100,N,nominal,1.0NRT,291.8,2.2,N
32.72694,73.14153,310.2,0.41,0.37,2019-10-13,2100,N,nominal,1.0NRT,294.6,1.3,N
32.72228,72.92578,309.7,0.41,0.37,2019-10-13,2100,N,nominal,1.0NRT,293.2,2,N
32.7264,72.81992,303.8,0.4,0.37,2019-10-13,2100,N,nominal,1.0NRT,291.4,1.1,N
32.71621,72.7775,305.9,0.4,0.37,2019-10-13,2100,N,nominal,1.0NRT,292.3,0.6,N
32.89711,71.60674,314.3,0.39,0.36,2019-10-13,2100,N,nominal,1.0NRT,296.6,1.2,N
32.89381,71.60598,305.4,0.39,0.36,2019-10-13,2100,N,nominal,1.0NRT,293.1,0.7,N
32.88854,71.61746,310.5,0.39,0.36,2019-10-13,2100,N,nominal,1.0NRT,295.3,0.9,N
32.38759,72.14469,311.6,0.39,0.36,2019-10-13,2100,N,nominal,1.0NRT,295.9,1.2,N
31.25877,76.92789,297.5,0.41,0.45,2019-10-13,2100,N,nominal,1.0NRT,287.3,0.4,N
31.2498,76.9296,300.7,0.42,0.45,2019-10-13,2100,N,nominal,1.0NRT,287.4,0.7,N
30.85674,61.44735,321.4,0.59,0.53,2019-10-13,2100,N,nominal,1.0NRT,290.1,2.3,N
30.85959,61.44756,326.5,0.59,0.53,2019-10-13,2100,N,nominal,1.0NRT,290.1,3.3,N
30.15581,60.73475,303.2,0.32,0.55,2019-10-13,2100,N,nominal,1.0NRT,290,0.5,N
30.32423,55.97221,300.2,0.62,0.72,2019-10-13,2100,N,nominal,1.0NRT,282.8,1.1,N
30.23372,56.9065,316.4,0.55,0.68,2019-10-13,2100,N,nominal,1.0NRT,286.4,3.2,N
30.23192,56.90714,317,0.55,0.68,2019-10-13,2100,N,nominal,1.0NRT,285.3,3.5,N
27.66722,76.12868,305.9,0.44,0.46,2019-10-13,2100,N,nominal,1.0NRT,293.7,1.3,N
29.99208,55.85023,318.7,0.63,0.72,2019-10-13,2100,N,nominal,1.0NRT,278.9,4.7,N
29.98898,55.85397,322.7,0.63,0.72,2019-10-13,2100,N,nominal,1.0NRT,279.2,5.2,N
26.64158,79.48225,309.2,0.36,0.58,2019-10-13,2100,N,nominal,1.0NRT,290.5,0.9,N
28.4314,69.69236,304.6,0.38,0.36,2019-10-13,2100,N,nominal,1.0NRT,293.8,1.3,N
28.05161,69.36743,307.1,0.38,0.36,2019-10-13,2100,N,nominal,1.0NRT,293.7,0.6,N
28.05101,69.37132,305.6,0.38,0.36,2019-10-13,2100,N,nominal,1.0NRT,292.6,0.6,N
26.87956,73.51414,304.3,0.49,0.4,2019-10-13,2100,N,nominal,1.0NRT,292.3,2.2,N
27.2172,71.00411,308.3,0.4,0.37,2019-10-13,2100,N,nominal,1.0NRT,293.1,0.6,N
27.12763,69.23098,306.5,0.38,0.36,2019-10-13,2100,N,nominal,1.0NRT,292.8,0.9,N
25.87417,74.99817,302.9,0.41,0.45,2019-10-13,2100,N,nominal,1.0NRT,289.8,0.5,N
24.14973,82.56289,302.3,0.63,0.72,2019-10-13,2100,N,nominal,1.0NRT,290.3,1.1,N
25.30253,77.18741,300.8,0.56,0.52,2019-10-13,2100,N,nominal,1.0NRT,290.4,0.6,N
24.1672,80.69703,305.6,0.48,0.65,2019-10-13,2100,N,nominal,1.0NRT,292,0.9,N
23.36303,83.22269,300.2,0.71,0.75,2019-10-13,2100,N,nominal,1.0NRT,288.2,1,N
26.09505,68.87867,310.5,0.38,0.36,2019-10-13,2100,N,nominal,1.0NRT,295.6,1,N
24.93344,74.63606,302,0.4,0.44,2019-10-13,2100,N,nominal,1.0NRT,291.6,0.5,N
23.16843,82.34408,310.5,0.64,0.72,2019-10-13,2100,N,nominal,1.0NRT,288.8,2.3,N
23.17116,82.34498,309.4,0.64,0.72,2019-10-13,2100,N,nominal,1.0NRT,288.6,1.1,N
27.17666,56.05693,305.8,0.58,0.69,2019-10-13,2100,N,nominal,1.0NRT,291.3,2.6,N
27.1705,56.05036,329.3,0.58,0.7,2019-10-13,2100,N,nominal,1.0NRT,291.8,2.6,N
27.16401,56.04973,310.5,0.58,0.7,2019-10-13,2100,N,nominal,1.0NRT,291.6,2.9,N
27.1609,56.10366,309.2,0.57,0.69,2019-10-13,2100,N,nominal,1.0NRT,291.1,2.7,N
27.17128,56.04889,327.9,0.58,0.69,2019-10-13,2100,N,nominal,1.0NRT,292,4.5,N
27.16478,56.04829,323,0.58,0.69,2019-10-13,2100,N,nominal,1.0NRT,291.5,4.8,N
27.16135,56.10209,314.3,0.57,0.69,2019-10-13,2100,N,nominal,1.0NRT,291.4,2.1,N
24.66082,74.63103,304.1,0.41,0.45,2019-10-13,2100,N,nominal,1.0NRT,293,1.8,N
24.66158,74.63259,312.3,0.41,0.45,2019-10-13,2100,N,nominal,1.0NRT,295.2,1.6,N
26.85028,55.85113,350.7,0.59,0.7,2019-10-13,2100,N,nominal,1.0NRT,292.2,5.3,N
26.85063,55.84497,308.2,0.59,0.7,2019-10-13,2100,N,nominal,1.0NRT,290.9,5.3,N
26.85136,55.85099,345.5,0.59,0.7,2019-10-13,2100,N,nominal,1.0NRT,292,6,N
26.85174,55.84492,303.5,0.59,0.7,2019-10-13,2100,N,nominal,1.0NRT,291,5.1,N
24.69177,73.00331,305.8,0.5,0.41,2019-10-13,2100,N,nominal,1.0NRT,293.8,1,N
24.68807,73.00244,305.3,0.5,0.41,2019-10-13,2100,N,nominal,1.0NRT,292.4,1,N
18.68734,55.50758,318.7,0.65,0.73,2019-10-13,2248,N,nominal,1.0NRT,290.2,2.3,N
18.68491,55.50773,318.5,0.65,0.73,2019-10-13,2248,N,nominal,1.0NRT,290.4,2.2,N
18.31784,55.1064,318.4,0.62,0.72,2019-10-13,2248,N,nominal,1.0NRT,290.8,1.7,N
18.03106,54.64822,301.5,0.59,0.7,2019-10-13,2248,N,nominal,1.0NRT,291.5,0.6,N
39.11987,64.224,307.2,0.62,0.71,2019-10-13,2242,N,nominal,1.0NRT,283.2,1.6,N
39.50831,54.33026,296.3,0.39,0.44,2019-10-13,2242,N,nominal,1.0NRT,282.2,0.4,N
37.59288,61.53152,298.6,0.5,0.66,2019-10-13,2242,N,nominal,1.0NRT,283,1.3,N
37.49366,61.8521,295.9,0.53,0.67,2019-10-13,2242,N,nominal,1.0NRT,282.7,1.4,N
37.82808,58.3856,295.1,0.34,0.56,2019-10-13,2242,N,nominal,1.0NRT,281.2,0.5,N
38.70613,54.36059,309.2,0.41,0.45,2019-10-13,2242,N,nominal,1.0NRT,281.1,0.7,N
38.68102,54.31689,306.9,0.41,0.45,2019-10-13,2242,N,nominal,1.0NRT,280.5,0.9,N
38.64998,54.28109,337.9,0.41,0.45,2019-10-13,2242,N,nominal,1.0NRT,285,2.7,N
38.64597,54.27967,308.1,0.41,0.45,2019-10-13,2242,N,nominal,1.0NRT,280.7,1,N
36.7006,57.20432,351.7,0.32,0.54,2019-10-13,2242,N,nominal,1.0NRT,279.9,3.9,N
36.94365,54.88865,306.6,0.47,0.48,2019-10-13,2242,N,nominal,1.0NRT,284.4,1.5,N
36.9442,54.88731,310.6,0.47,0.48,2019-10-13,2242,N,nominal,1.0NRT,284.4,1.6,N
36.16245,57.68832,295.6,0.35,0.57,2019-10-13,2242,N,nominal,1.0NRT,281.9,0.5,N
36.47945,54.9041,295.7,0.49,0.48,2019-10-13,2242,N,nominal,1.0NRT,278.5,0.6,N
33.55116,56.93249,296,0.37,0.58,2019-10-13,2242,N,nominal,1.0NRT,285.4,0.5,N
30.23153,56.90845,314.6,0.44,0.62,2019-10-13,2242,N,nominal,1.0NRT,283.6,2,N
30.35586,56.13177,295.9,0.39,0.6,2019-10-13,2242,N,nominal,1.0NRT,281.5,0.5,N
30.37919,55.87146,303.4,0.38,0.59,2019-10-13,2242,N,nominal,1.0NRT,281.9,0.7,N
30.32006,55.97302,308.5,0.39,0.59,2019-10-13,2242,N,nominal,1.0NRT,282.6,1.5,N
29.92709,56.73499,315,0.44,0.62,2019-10-13,2242,N,nominal,1.0NRT,282.8,2.1,N
29.98957,55.85479,354,0.39,0.59,2019-10-13,2242,N,nominal,1.0NRT,281.2,5.5,N
29.51012,55.79996,296.6,0.39,0.6,2019-10-13,2242,N,nominal,1.0NRT,282.6,0.7,N
27.30402,56.30569,303.2,0.47,0.64,2019-10-13,2242,N,nominal,1.0NRT,291.5,0.6,N
27.17012,56.05692,315.9,0.46,0.63,2019-10-13,2242,N,nominal,1.0NRT,284.5,2.3,N
27.1644,56.05516,321.8,0.46,0.63,2019-10-13,2242,N,nominal,1.0NRT,279.3,2.2,N
26.95458,55.5446,305.8,0.43,0.62,2019-10-13,2242,N,nominal,1.0NRT,292.6,1,N
26.84883,55.85482,367,0.45,0.63,2019-10-13,2242,N,high,1.0NRT,293.9,5.1,N
26.84995,55.85026,312.3,0.45,0.63,2019-10-13,2242,N,nominal,1.0NRT,292.3,5.1,N
25.55144,56.228,305.2,0.51,0.66,2019-10-13,2242,N,nominal,1.0NRT,292.3,0.9,N
25.55595,55.9789,308.8,0.49,0.65,2019-10-13,2242,N,nominal,1.0NRT,293.5,1.6,N
25.90287,54.53255,329,0.4,0.6,2019-10-13,2242,N,nominal,1.0NRT,296,2.3,N
25.90193,54.5365,318.2,0.4,0.6,2019-10-13,2242,N,nominal,1.0NRT,295.4,1.1,N
25.90099,54.54044,314.2,0.4,0.6,2019-10-13,2242,N,nominal,1.0NRT,295,1.1,N
25.90306,54.53445,339.2,0.4,0.6,2019-10-13,2242,N,nominal,1.0NRT,296.1,2.3,N
25.90214,54.5384,308.1,0.4,0.6,2019-10-13,2242,N,nominal,1.0NRT,294.9,0.6,N
25.55502,55.97741,309.4,0.49,0.65,2019-10-13,2242,N,nominal,1.0NRT,293.9,1,N
25.70379,54.30145,312.3,0.39,0.59,2019-10-13,2242,N,nominal,1.0NRT,296.9,0.8,N
25.7029,54.3053,316.4,0.39,0.59,2019-10-13,2242,N,nominal,1.0NRT,297.1,0.8,N
25.6001,54.42499,321.9,0.4,0.6,2019-10-13,2242,N,nominal,1.0NRT,297.2,2.6,N
25.59917,54.42891,319,0.4,0.6,2019-10-13,2242,N,nominal,1.0NRT,297.1,1.5,N
25.59927,54.42821,325.2,0.4,0.6,2019-10-13,2242,N,nominal,1.0NRT,297.1,1.6,N
25.60017,54.42427,311.6,0.4,0.6,2019-10-13,2242,N,nominal,1.0NRT,297.2,2,N
25.34923,54.48517,308.9,0.41,0.6,2019-10-13,2242,N,nominal,1.0NRT,296.7,0.6,N
25.34962,54.48711,318.8,0.41,0.6,2019-10-13,2242,N,nominal,1.0NRT,296.8,0.9,N
24.50463,56.59707,304.5,0.57,0.69,2019-10-13,2242,N,nominal,1.0NRT,292.3,1.3,N
24.5018,56.60818,312.3,0.57,0.69,2019-10-13,2242,N,nominal,1.0NRT,290.8,1.5,N
24.50747,56.60634,305.4,0.57,0.69,2019-10-13,2242,N,nominal,1.0NRT,292.1,1.7,N
24.50609,56.61192,308.2,0.57,0.69,2019-10-13,2242,N,nominal,1.0NRT,292,1.7,N
24.50402,56.59328,304.1,0.57,0.69,2019-10-13,2242,N,nominal,1.0NRT,292.3,0.8,N
24.47075,56.61912,304.8,0.57,0.69,2019-10-13,2242,N,nominal,1.0NRT,292.1,1.8,N
24.60452,54.15234,310.7,0.4,0.6,2019-10-13,2242,N,nominal,1.0NRT,297.7,0.5,N
23.15348,55.44685,323.7,0.52,0.67,2019-10-13,2242,N,nominal,1.0NRT,294.2,2.2,N
23.15225,55.45187,312.4,0.52,0.67,2019-10-13,2242,N,nominal,1.0NRT,293.8,2.2,N
23.1526,55.45062,331.6,0.52,0.67,2019-10-13,2242,N,nominal,1.0NRT,294.3,3,N
23.31058,54.18208,303.8,0.43,0.62,2019-10-13,2242,N,nominal,1.0NRT,293.2,1,N
22.40182,56.99109,331,0.67,0.73,2019-10-13,2242,N,nominal,1.0NRT,291.8,3,N
22.15784,56.02822,305,0.59,0.7,2019-10-13,2242,N,nominal,1.0NRT,291.5,0.9,N
22.15741,56.02751,304,0.59,0.7,2019-10-13,2242,N,nominal,1.0NRT,291.5,0.8,N
22.52294,54.04952,302.4,0.44,0.62,2019-10-13,2242,N,nominal,1.0NRT,292,0.9,N
21.94518,56.0354,308.1,0.6,0.7,2019-10-13,2242,N,nominal,1.0NRT,290.4,1.1,N
21.94511,56.03521,306.4,0.6,0.7,2019-10-13,2242,N,nominal,1.0NRT,290.4,1.2,N
21.66882,56.65072,302.1,0.66,0.73,2019-10-13,2242,N,nominal,1.0NRT,289.1,1,N
21.64371,56.57307,319.1,0.65,0.73,2019-10-13,2242,N,nominal,1.0NRT,289.2,1.9,N
21.66098,56.41771,321.4,0.64,0.72,2019-10-13,2242,N,nominal,1.0NRT,290.4,3.6,N
21.30552,57.79907,312,0.79,0.78,2019-10-13,2242,N,nominal,1.0NRT,290,2,N
21.30277,57.80002,316.4,0.79,0.78,2019-10-13,2242,N,nominal,1.0NRT,290.3,2,N
21.45163,56.59316,305.2,0.66,0.73,2019-10-13,2242,N,nominal,1.0NRT,289.2,1.3,N
21.44499,56.59132,302.6,0.66,0.73,2019-10-13,2242,N,nominal,1.0NRT,288.6,1.3,N
21.44993,56.5932,312.5,0.66,0.73,2019-10-13,2242,N,nominal,1.0NRT,288.9,1.3,N
